,Unnamed: 0,Cantidad de caracter√≠sticas,Caracteristicas modelo,Puntaje (Sales_rmspe),Num_Corrida
65,8,42,"['Close_bool_bw', 'Assortment', 'CompetitionOpenSinceYear', 'DayOfWeek', 'StateHoliday_bool_fw', 'State', 'SchoolHoliday', 'Year', 'Week', 'Promo_bw', 'Promo_fw', 'SchoolHoliday_bw', 'StoreType', 'Promo2Weeks', 'Events', 'Day', 'Month', 'Close_bool_fw', 'CompetitionMonthsOpen', 'StateHoliday', 'Promo', 'Promo2', 'PromoInterval', 'Promo2SinceWeek', 'StateHoliday_bool_bw', 'Store', 'Promo2SinceYear', 'AfterSchoolHoliday', 'Mean_TemperatureC', 'AfterStateHoliday_bool', 'AfterPromo', 'Max_TemperatureC', 'Mean_Humidity', 'BeforeStateHoliday_bool', 'Max_Wind_SpeedKm_h', 'trend', 'CompetitionDistance', 'AfterClose_bool', 'trend_DE', 'Precipitationmm', 'CloudCover', 'Min_TemperatureC']",0.1321597844362259,4
94,1,40,"['CompetitionOpenSinceYear', 'Day', 'StateHoliday_bool_bw', 'Promo2', 'StateHoliday_bool_fw', 'PromoInterval', 'Month', 'Promo2SinceYear', 'Close_bool_bw', 'Week', 'Promo2SinceWeek', 'Events', 'StateHoliday', 'State', 'Year', 'CompetitionMonthsOpen', 'Promo2Weeks', 'Promo_bw', 'Promo_fw', 'SchoolHoliday_fw', 'DayOfWeek', 'Store', 'SchoolHoliday_bw', 'Min_TemperatureC', 'CloudCover', 'AfterPromo', 'Mean_TemperatureC', 'Max_Wind_SpeedKm_h', 'BeforeSchoolHoliday', 'StateHoliday_bool', 'AfterSchoolHoliday', 'Min_Humidity', 'AfterClose_bool', 'trend_DE', 'BeforeStateHoliday_bool', 'Max_Humidity', 'CompetitionDistance', 'Max_TemperatureC', 'BeforePromo', 'trend']",0.13382351398468018,8
133,4,32,"['CompetitionMonthsOpen', 'CompetitionOpenSinceYear', 'Assortment', 'DayOfWeek', 'Year', 'SchoolHoliday', 'Week', 'StateHoliday_bool_bw', 'Promo', 'Month', 'Promo2SinceWeek', 'SchoolHoliday_bw', 'Store', 'StateHoliday', 'Promo2', 'Events', 'Day', 'StateHoliday_bool_fw', 'State', 'Promo2Weeks', 'Mean_TemperatureC', 'BeforeSchoolHoliday', 'AfterSchoolHoliday', 'BeforeStateHoliday_bool', 'Precipitationmm', 'AfterStateHoliday_bool', 'Max_TemperatureC', 'trend_DE', 'Min_Humidity', 'CloudCover', 'CompetitionDistance', 'Mean_Wind_SpeedKm_h']",0.13445591926574707,12
128,8,43,"['StateHoliday_bool_bw', 'Store', 'Close_bool_bw', 'Promo2SinceYear', 'Promo_fw', 'StoreType', 'CompetitionOpenSinceYear', 'Day', 'SchoolHoliday_fw', 'PromoInterval', 'SchoolHoliday_bw', 'SchoolHoliday', 'Week', 'Promo_bw', 'Events', 'Promo2Weeks', 'Month', 'StateHoliday_bool_fw', 'Promo2', 'Year', 'DayOfWeek', 'Promo', 'CompetitionMonthsOpen', 'StateHoliday', 'State', 'CompetitionDistance', 'AfterStateHoliday_bool', 'BeforePromo', 'Precipitationmm', 'Mean_TemperatureC', 'Max_TemperatureC', 'AfterClose_bool', 'BeforeSchoolHoliday', 'Mean_Humidity', 'AfterPromo', 'Max_Wind_SpeedKm_h', 'Mean_Wind_SpeedKm_h', 'Min_TemperatureC', 'StateHoliday_bool', 'Max_Humidity', 'BeforeStateHoliday_bool', 'trend', 'trend_DE']",0.13507823646068573,11
55,7,42,"['Assortment', 'State', 'Promo_fw', 'CompetitionOpenSinceYear', 'Promo2SinceYear', 'Store', 'StateHoliday_bool_bw', 'SchoolHoliday', 'StateHoliday', 'CompetitionMonthsOpen', 'Promo_bw', 'Events', 'StoreType', 'DayOfWeek', 'Close_bool_fw', 'Week', 'StateHoliday_bool_fw', 'Promo2', 'Promo2Weeks', 'Day', 'PromoInterval', 'Close_bool_bw', 'Month', 'Year', 'trend_DE', 'Min_TemperatureC', 'CompetitionDistance', 'Precipitationmm', 'BeforeStateHoliday_bool', 'StateHoliday_bool', 'Mean_TemperatureC', 'AfterStateHoliday_bool', 'Max_Wind_SpeedKm_h', 'Min_Humidity', 'BeforePromo', 'CloudCover', 'Mean_Humidity', 'BeforeSchoolHoliday', 'Mean_Wind_SpeedKm_h', 'BeforeClose_bool', 'Max_Humidity', 'AfterSchoolHoliday']",0.1359710544347763,3
134,5,34,"['CompetitionMonthsOpen', 'CompetitionOpenSinceYear', 'Assortment', 'DayOfWeek', 'Year', 'SchoolHoliday', 'Week', 'StateHoliday_bool_bw', 'Promo', 'Month', 'Promo2SinceWeek', 'SchoolHoliday_bw', 'Store', 'StateHoliday', 'Promo2', 'Events', 'Day', 'StateHoliday_bool_fw', 'State', 'Promo2Weeks', 'Max_Humidity', 'AfterPromo', 'BeforeSchoolHoliday', 'CompetitionDistance', 'StateHoliday_bool', 'Mean_Wind_SpeedKm_h', 'trend', 'Mean_Humidity', 'Max_TemperatureC', 'Precipitationmm', 'AfterClose_bool', 'BeforePromo', 'trend_DE', 'Max_Wind_SpeedKm_h']",0.13627439737319946,12
77,2,39,"['Week', 'Promo_bw', 'Events', 'Close_bool_fw', 'Month', 'CompetitionOpenSinceYear', 'Promo', 'SchoolHoliday_fw', 'Close_bool_bw', 'StateHoliday', 'Promo2Weeks', 'Store', 'SchoolHoliday_bw', 'Promo_fw', 'StateHoliday_bool_bw', 'CompetitionMonthsOpen', 'Day', 'StoreType', 'Year', 'StateHoliday_bool_fw', 'PromoInterval', 'Assortment', 'Promo2SinceYear', 'Min_Humidity', 'StateHoliday_bool', 'Mean_Wind_SpeedKm_h', 'Max_TemperatureC', 'AfterStateHoliday_bool', 'trend_DE', 'CompetitionDistance', 'BeforePromo', 'AfterPromo', 'AfterSchoolHoliday', 'BeforeStateHoliday_bool', 'BeforeClose_bool', 'Max_Humidity', 'AfterClose_bool', 'CloudCover', 'trend']",0.13637101650238034,6
47,8,45,"['Year', 'PromoInterval', 'Promo', 'Week', 'StateHoliday', 'Promo_fw', 'StateHoliday_bool_bw', 'Promo_bw', 'Close_bool_bw', 'Month', 'Promo2SinceYear', 'DayOfWeek', 'Close_bool_fw', 'Assortment', 'SchoolHoliday', 'SchoolHoliday_bw', 'State', 'Promo2SinceWeek', 'Day', 'Events', 'Promo2Weeks', 'CompetitionOpenSinceYear', 'StoreType', 'StateHoliday_bool_fw', 'Store', 'Promo2', 'AfterSchoolHoliday', 'BeforePromo', 'Mean_Wind_SpeedKm_h', 'BeforeSchoolHoliday', 'BeforeStateHoliday_bool', 'trend_DE', 'Mean_Humidity', 'Max_Humidity', 'Max_TemperatureC', 'Precipitationmm', 'trend', 'AfterPromo', 'Mean_TemperatureC', 'Min_Humidity', 'Min_TemperatureC', 'Max_Wind_SpeedKm_h', 'BeforeClose_bool', 'CompetitionDistance', 'AfterStateHoliday_bool']",0.1373460441827774,2
35,5,37,"['Promo2Weeks', 'StateHoliday_bool_fw', 'Close_bool_fw', 'StateHoliday_bool_bw', 'Day', 'Promo_fw', 'Store', 'Events', 'SchoolHoliday_fw', 'Year', 'DayOfWeek', 'SchoolHoliday', 'Promo2SinceWeek', 'Promo2', 'PromoInterval', 'StateHoliday', 'Week', 'StoreType', 'Close_bool_bw', 'Month', 'CompetitionOpenSinceYear', 'SchoolHoliday_bw', 'Promo_bw', 'Precipitationmm', 'Max_Wind_SpeedKm_h', 'Max_Humidity', 'AfterPromo', 'Min_TemperatureC', 'Mean_TemperatureC', 'AfterStateHoliday_bool', 'Max_TemperatureC', 'CompetitionDistance', 'trend', 'Min_Humidity', 'AfterSchoolHoliday', 'trend_DE', 'BeforeStateHoliday_bool']",0.1375363916158676,1
34,4,39,"['Promo2Weeks', 'StateHoliday_bool_fw', 'Close_bool_fw', 'StateHoliday_bool_bw', 'Day', 'Promo_fw', 'Store', 'Events', 'SchoolHoliday_fw', 'Year', 'DayOfWeek', 'SchoolHoliday', 'Promo2SinceWeek', 'Promo2', 'PromoInterval', 'StateHoliday', 'Week', 'StoreType', 'Close_bool_bw', 'Month', 'CompetitionOpenSinceYear', 'SchoolHoliday_bw', 'Promo_bw', 'Mean_Wind_SpeedKm_h', 'AfterStateHoliday_bool', 'CloudCover', 'Mean_Humidity', 'trend', 'Min_Humidity', 'StateHoliday_bool', 'Max_TemperatureC', 'Min_TemperatureC', 'BeforeStateHoliday_bool', 'AfterPromo', 'trend_DE', 'AfterClose_bool', 'AfterSchoolHoliday', 'BeforeClose_bool', 'BeforePromo']",0.13772861659526825,1
125,5,43,"['CompetitionMonthsOpen', 'Week', 'StateHoliday', 'PromoInterval', 'StateHoliday_bool_fw', 'Promo_bw', 'Close_bool_fw', 'StoreType', 'DayOfWeek', 'Promo2', 'Close_bool_bw', 'SchoolHoliday_fw', 'Promo_fw', 'Promo2SinceWeek', 'Day', 'Events', 'Promo2Weeks', 'SchoolHoliday', 'SchoolHoliday_bw', 'State', 'CompetitionOpenSinceYear', 'Store', 'Promo', 'Month', 'Year', 'CompetitionDistance', 'AfterStateHoliday_bool', 'BeforePromo', 'Precipitationmm', 'Mean_TemperatureC', 'Max_TemperatureC', 'AfterClose_bool', 'BeforeSchoolHoliday', 'Mean_Humidity', 'AfterPromo', 'Max_Wind_SpeedKm_h', 'Mean_Wind_SpeedKm_h', 'Min_TemperatureC', 'StateHoliday_bool', 'Max_Humidity', 'BeforeStateHoliday_bool', 'trend', 'trend_DE']",0.1381370574235916,11
104,2,39,"['Year', 'Store', 'Promo_fw', 'Assortment', 'StateHoliday', 'Close_bool_bw', 'Promo2SinceWeek', 'StateHoliday_bool_bw', 'Promo_bw', 'PromoInterval', 'Promo2SinceYear', 'State', 'Month', 'StateHoliday_bool_fw', 'SchoolHoliday', 'SchoolHoliday_fw', 'CompetitionOpenSinceYear', 'Close_bool_fw', 'DayOfWeek', 'trend_DE', 'Precipitationmm', 'CloudCover', 'AfterSchoolHoliday', 'BeforeSchoolHoliday', 'trend', 'AfterStateHoliday_bool', 'AfterClose_bool', 'Max_Wind_SpeedKm_h', 'Mean_Humidity', 'Max_TemperatureC', 'BeforePromo', 'Min_Humidity', 'Mean_Wind_SpeedKm_h', 'BeforeStateHoliday_bool', 'StateHoliday_bool', 'CompetitionDistance', 'AfterPromo', 'BeforeClose_bool', 'Min_TemperatureC']",0.1383260041475296,9
91,7,34,"['Week', 'Close_bool_bw', 'PromoInterval', 'Day', 'SchoolHoliday', 'Promo2Weeks', 'SchoolHoliday_bw', 'StoreType', 'Store', 'SchoolHoliday_fw', 'Year', 'StateHoliday', 'Promo2', 'Promo2SinceWeek', 'State', 'Promo_fw', 'StateHoliday_bool_bw', 'DayOfWeek', 'Assortment', 'CompetitionOpenSinceYear', 'Promo', 'Events', 'Mean_Wind_SpeedKm_h', 'BeforeClose_bool', 'CompetitionDistance', 'Max_Wind_SpeedKm_h', 'CloudCover', 'Precipitationmm', 'AfterStateHoliday_bool', 'Mean_Humidity', 'trend_DE', 'Max_TemperatureC', 'Min_Humidity', 'Min_TemperatureC']",0.138652041554451,7
64,7,37,"['Close_bool_bw', 'Assortment', 'CompetitionOpenSinceYear', 'DayOfWeek', 'StateHoliday_bool_fw', 'State', 'SchoolHoliday', 'Year', 'Week', 'Promo_bw', 'Promo_fw', 'SchoolHoliday_bw', 'StoreType', 'Promo2Weeks', 'Events', 'Day', 'Month', 'Close_bool_fw', 'CompetitionMonthsOpen', 'StateHoliday', 'Promo', 'Promo2', 'PromoInterval', 'Promo2SinceWeek', 'StateHoliday_bool_bw', 'Store', 'Promo2SinceYear', 'AfterClose_bool', 'trend_DE', 'BeforePromo', 'Min_TemperatureC', 'Min_Humidity', 'trend', 'Max_Wind_SpeedKm_h', 'Mean_Wind_SpeedKm_h', 'CompetitionDistance', 'BeforeClose_bool']",0.13883940875530246,4
18,18,36,"['Promo2Weeks', 'Week', 'CompetitionMonthsOpen', 'Store', 'Close_bool_bw', 'Events', 'Assortment', 'CompetitionOpenSinceYear', 'SchoolHoliday', 'Promo_bw', 'Promo', 'Year', 'Day', 'StateHoliday_bool_bw', 'StoreType', 'Close_bool_fw', 'StateHoliday', 'State', 'Promo2SinceWeek', 'Promo_fw', 'Month', 'Promo2', 'Promo2SinceYear', 'SchoolHoliday_fw', 'PromoInterval', 'StateHoliday_bool_fw', 'Precipitationmm', 'Min_Humidity', 'Max_Wind_SpeedKm_h', 'CloudCover', 'CompetitionDistance', 'BeforePromo', 'BeforeStateHoliday_bool', 'BeforeClose_bool', 'AfterPromo', 'Min_TemperatureC']",0.13884563744068146,0
19,19,44,"['Promo2Weeks', 'Week', 'CompetitionMonthsOpen', 'Store', 'Close_bool_bw', 'Events', 'Assortment', 'CompetitionOpenSinceYear', 'SchoolHoliday', 'Promo_bw', 'Promo', 'Year', 'Day', 'StateHoliday_bool_bw', 'StoreType', 'Close_bool_fw', 'StateHoliday', 'State', 'Promo2SinceWeek', 'Promo_fw', 'Month', 'Promo2', 'Promo2SinceYear', 'SchoolHoliday_fw', 'PromoInterval', 'StateHoliday_bool_fw', 'Precipitationmm', 'AfterPromo', 'AfterStateHoliday_bool', 'Min_TemperatureC', 'Max_Humidity', 'trend_DE', 'BeforePromo', 'Mean_Humidity', 'Min_Humidity', 'CloudCover', 'Max_Wind_SpeedKm_h', 'Mean_Wind_SpeedKm_h', 'AfterSchoolHoliday', 'BeforeStateHoliday_bool', 'BeforeClose_bool', 'trend', 'StateHoliday_bool', 'Max_TemperatureC']",0.13932077586650848,0
44,5,38,"['StateHoliday_bool_bw', 'PromoInterval', 'CompetitionMonthsOpen', 'Promo2SinceWeek', 'State', 'Promo_bw', 'SchoolHoliday_fw', 'Store', 'Week', 'Close_bool_bw', 'Promo2SinceYear', 'CompetitionOpenSinceYear', 'Day', 'Promo2', 'SchoolHoliday', 'DayOfWeek', 'Promo_fw', 'StateHoliday_bool_fw', 'StateHoliday', 'AfterSchoolHoliday', 'BeforePromo', 'Mean_Wind_SpeedKm_h', 'BeforeSchoolHoliday', 'BeforeStateHoliday_bool', 'trend_DE', 'Mean_Humidity', 'Max_Humidity', 'Max_TemperatureC', 'Precipitationmm', 'trend', 'AfterPromo', 'Mean_TemperatureC', 'Min_Humidity', 'Min_TemperatureC', 'Max_Wind_SpeedKm_h', 'BeforeClose_bool', 'CompetitionDistance', 'AfterStateHoliday_bool']",0.14099274575710294,2
95,2,43,"['CompetitionOpenSinceYear', 'Day', 'StateHoliday_bool_bw', 'Promo2', 'StateHoliday_bool_fw', 'PromoInterval', 'Month', 'Promo2SinceYear', 'Close_bool_bw', 'Week', 'Promo2SinceWeek', 'Events', 'StateHoliday', 'State', 'Year', 'CompetitionMonthsOpen', 'Promo2Weeks', 'Promo_bw', 'Promo_fw', 'SchoolHoliday_fw', 'DayOfWeek', 'Store', 'SchoolHoliday_bw', 'Min_TemperatureC', 'BeforeClose_bool', 'BeforeStateHoliday_bool', 'BeforeSchoolHoliday', 'CompetitionDistance', 'trend', 'StateHoliday_bool', 'AfterSchoolHoliday', 'Precipitationmm', 'AfterPromo', 'Max_Wind_SpeedKm_h', 'Mean_Humidity', 'Min_Humidity', 'AfterStateHoliday_bool', 'BeforePromo', 'Mean_Wind_SpeedKm_h', 'trend_DE', 'Max_Humidity', 'AfterClose_bool', 'Mean_TemperatureC']",0.14186015725135806,8
71,5,29,"['CompetitionMonthsOpen', 'SchoolHoliday_bw', 'Week', 'StoreType', 'Store', 'StateHoliday_bool_fw', 'StateHoliday_bool_bw', 'Month', 'DayOfWeek', 'Promo_fw', 'StateHoliday', 'Promo2', 'Promo', 'Mean_Humidity', 'trend_DE', 'CloudCover', 'Max_Wind_SpeedKm_h', 'Mean_TemperatureC', 'trend', 'AfterPromo', 'AfterStateHoliday_bool', 'BeforeSchoolHoliday', 'Max_TemperatureC', 'Min_TemperatureC', 'BeforeStateHoliday_bool', 'CompetitionDistance', 'Min_Humidity', 'Max_Humidity', 'BeforeClose_bool']",0.1418653130531311,5
132,3,30,"['CompetitionMonthsOpen', 'CompetitionOpenSinceYear', 'Assortment', 'DayOfWeek', 'Year', 'SchoolHoliday', 'Week', 'StateHoliday_bool_bw', 'Promo', 'Month', 'Promo2SinceWeek', 'SchoolHoliday_bw', 'Store', 'StateHoliday', 'Promo2', 'Events', 'Day', 'StateHoliday_bool_fw', 'State', 'Promo2Weeks', 'CloudCover', 'AfterClose_bool', 'BeforeClose_bool', 'BeforeSchoolHoliday', 'AfterStateHoliday_bool', 'Precipitationmm', 'Mean_TemperatureC', 'BeforePromo', 'Mean_Humidity', 'AfterSchoolHoliday']",0.14190247654914856,12
11,11,40,"['Promo2Weeks', 'Week', 'CompetitionMonthsOpen', 'Store', 'Close_bool_bw', 'Events', 'Assortment', 'CompetitionOpenSinceYear', 'SchoolHoliday', 'Promo_bw', 'Promo', 'Year', 'Day', 'StateHoliday_bool_bw', 'StoreType', 'Close_bool_fw', 'StateHoliday', 'State', 'Promo2SinceWeek', 'Promo_fw', 'Month', 'Promo2', 'Promo2SinceYear', 'SchoolHoliday_fw', 'PromoInterval', 'StateHoliday_bool_fw', 'AfterClose_bool', 'BeforeSchoolHoliday', 'AfterStateHoliday_bool', 'StateHoliday_bool', 'Min_Humidity', 'CompetitionDistance', 'CloudCover', 'trend', 'AfterSchoolHoliday', 'Mean_Wind_SpeedKm_h', 'Max_Wind_SpeedKm_h', 'Mean_Humidity', 'Precipitationmm', 'Mean_TemperatureC']",0.1420779526233673,0
124,4,44,"['CompetitionMonthsOpen', 'Week', 'StateHoliday', 'PromoInterval', 'StateHoliday_bool_fw', 'Promo_bw', 'Close_bool_fw', 'StoreType', 'DayOfWeek', 'Promo2', 'Close_bool_bw', 'SchoolHoliday_fw', 'Promo_fw', 'Promo2SinceWeek', 'Day', 'Events', 'Promo2Weeks', 'SchoolHoliday', 'SchoolHoliday_bw', 'State', 'CompetitionOpenSinceYear', 'Store', 'Promo', 'Month', 'Year', 'AfterSchoolHoliday', 'AfterStateHoliday_bool', 'BeforeSchoolHoliday', 'Mean_TemperatureC', 'Min_TemperatureC', 'Min_Humidity', 'BeforePromo', 'StateHoliday_bool', 'trend_DE', 'Max_Wind_SpeedKm_h', 'CloudCover', 'BeforeStateHoliday_bool', 'BeforeClose_bool', 'Max_TemperatureC', 'AfterPromo', 'trend', 'Precipitationmm', 'Mean_Humidity', 'Mean_Wind_SpeedKm_h']",0.14214268326759338,11
52,4,28,"['DayOfWeek', 'Month', 'StateHoliday', 'Promo_fw', 'Close_bool_bw', 'State', 'Promo2Weeks', 'Store', 'SchoolHoliday_bw', 'CompetitionMonthsOpen', 'trend_DE', 'Min_TemperatureC', 'CompetitionDistance', 'Precipitationmm', 'BeforeStateHoliday_bool', 'StateHoliday_bool', 'Mean_TemperatureC', 'AfterStateHoliday_bool', 'Max_Wind_SpeedKm_h', 'Min_Humidity', 'BeforePromo', 'CloudCover', 'Mean_Humidity', 'BeforeSchoolHoliday', 'Mean_Wind_SpeedKm_h', 'BeforeClose_bool', 'Max_Humidity', 'AfterSchoolHoliday']",0.14229202270507812,3
63,6,42,"['Close_bool_bw', 'Assortment', 'CompetitionOpenSinceYear', 'DayOfWeek', 'StateHoliday_bool_fw', 'State', 'SchoolHoliday', 'Year', 'Week', 'Promo_bw', 'Promo_fw', 'SchoolHoliday_bw', 'StoreType', 'Promo2Weeks', 'Events', 'Day', 'Month', 'Close_bool_fw', 'CompetitionMonthsOpen', 'StateHoliday', 'Promo', 'Promo2', 'PromoInterval', 'Promo2SinceWeek', 'StateHoliday_bool_bw', 'Store', 'Promo2SinceYear', 'Max_TemperatureC', 'trend_DE', 'Mean_TemperatureC', 'AfterPromo', 'CompetitionDistance', 'StateHoliday_bool', 'Max_Wind_SpeedKm_h', 'Max_Humidity', 'Mean_Wind_SpeedKm_h', 'trend', 'BeforeSchoolHoliday', 'AfterClose_bool', 'BeforePromo', 'Precipitationmm', 'BeforeClose_bool']",0.14253118634223938,4
16,16,38,"['Promo2Weeks', 'Week', 'CompetitionMonthsOpen', 'Store', 'Close_bool_bw', 'Events', 'Assortment', 'CompetitionOpenSinceYear', 'SchoolHoliday', 'Promo_bw', 'Promo', 'Year', 'Day', 'StateHoliday_bool_bw', 'StoreType', 'Close_bool_fw', 'StateHoliday', 'State', 'Promo2SinceWeek', 'Promo_fw', 'Month', 'Promo2', 'Promo2SinceYear', 'SchoolHoliday_fw', 'PromoInterval', 'StateHoliday_bool_fw', 'Min_TemperatureC', 'Mean_Wind_SpeedKm_h', 'AfterStateHoliday_bool', 'Mean_Humidity', 'AfterPromo', 'Max_Wind_SpeedKm_h', 'Mean_TemperatureC', 'StateHoliday_bool', 'AfterSchoolHoliday', 'CloudCover', 'BeforeSchoolHoliday', 'Max_Humidity']",0.14276985824108124,0
123,3,45,"['CompetitionMonthsOpen', 'Week', 'StateHoliday', 'PromoInterval', 'StateHoliday_bool_fw', 'Promo_bw', 'Close_bool_fw', 'StoreType', 'DayOfWeek', 'Promo2', 'Close_bool_bw', 'SchoolHoliday_fw', 'Promo_fw', 'Promo2SinceWeek', 'Day', 'Events', 'Promo2Weeks', 'SchoolHoliday', 'SchoolHoliday_bw', 'State', 'CompetitionOpenSinceYear', 'Store', 'Promo', 'Month', 'Year', 'BeforeClose_bool', 'Min_Humidity', 'Mean_Humidity', 'Min_TemperatureC', 'Mean_TemperatureC', 'StateHoliday_bool', 'trend', 'CompetitionDistance', 'AfterSchoolHoliday', 'trend_DE', 'AfterStateHoliday_bool', 'BeforeStateHoliday_bool', 'Max_Humidity', 'AfterPromo', 'BeforeSchoolHoliday', 'Precipitationmm', 'Mean_Wind_SpeedKm_h', 'AfterClose_bool', 'Max_Wind_SpeedKm_h', 'BeforePromo']",0.142793670296669,11
70,4,30,"['CompetitionMonthsOpen', 'SchoolHoliday_bw', 'Week', 'StoreType', 'Store', 'StateHoliday_bool_fw', 'StateHoliday_bool_bw', 'Month', 'DayOfWeek', 'Promo_fw', 'StateHoliday', 'Promo2', 'Promo', 'BeforeClose_bool', 'Max_TemperatureC', 'trend', 'Min_TemperatureC', 'CompetitionDistance', 'Max_Humidity', 'Precipitationmm', 'Min_Humidity', 'Mean_Wind_SpeedKm_h', 'AfterSchoolHoliday', 'BeforeStateHoliday_bool', 'CloudCover', 'AfterStateHoliday_bool', 'trend_DE', 'BeforePromo', 'StateHoliday_bool', 'Max_Wind_SpeedKm_h']",0.14286868274211886,5
136,7,23,"['StateHoliday_bool_bw', 'Promo2SinceYear', 'Promo', 'State', 'SchoolHoliday_fw', 'Store', 'SchoolHoliday_bw', 'Week', 'DayOfWeek', 'StoreType', 'Month', 'Mean_TemperatureC', 'BeforeSchoolHoliday', 'AfterSchoolHoliday', 'BeforeStateHoliday_bool', 'Precipitationmm', 'AfterStateHoliday_bool', 'Max_TemperatureC', 'trend_DE', 'Min_Humidity', 'CloudCover', 'CompetitionDistance', 'Mean_Wind_SpeedKm_h']",0.14296506345272064,12
56,8,45,"['Assortment', 'State', 'Promo_fw', 'CompetitionOpenSinceYear', 'Promo2SinceYear', 'Store', 'StateHoliday_bool_bw', 'SchoolHoliday', 'StateHoliday', 'CompetitionMonthsOpen', 'Promo_bw', 'Events', 'StoreType', 'DayOfWeek', 'Close_bool_fw', 'Week', 'StateHoliday_bool_fw', 'Promo2', 'Promo2Weeks', 'Day', 'PromoInterval', 'Close_bool_bw', 'Month', 'Year', 'AfterSchoolHoliday', 'AfterPromo', 'trend_DE', 'trend', 'BeforeClose_bool', 'Mean_Humidity', 'StateHoliday_bool', 'CompetitionDistance', 'Max_Humidity', 'Precipitationmm', 'Mean_Wind_SpeedKm_h', 'AfterStateHoliday_bool', 'Max_Wind_SpeedKm_h', 'BeforePromo', 'BeforeStateHoliday_bool', 'AfterClose_bool', 'CloudCover', 'Max_TemperatureC', 'Min_Humidity', 'BeforeSchoolHoliday', 'Min_TemperatureC']",0.14315016567707062,3
127,7,44,"['StateHoliday_bool_bw', 'Store', 'Close_bool_bw', 'Promo2SinceYear', 'Promo_fw', 'StoreType', 'CompetitionOpenSinceYear', 'Day', 'SchoolHoliday_fw', 'PromoInterval', 'SchoolHoliday_bw', 'SchoolHoliday', 'Week', 'Promo_bw', 'Events', 'Promo2Weeks', 'Month', 'StateHoliday_bool_fw', 'Promo2', 'Year', 'DayOfWeek', 'Promo', 'CompetitionMonthsOpen', 'StateHoliday', 'State', 'AfterSchoolHoliday', 'AfterStateHoliday_bool', 'BeforeSchoolHoliday', 'Mean_TemperatureC', 'Min_TemperatureC', 'Min_Humidity', 'BeforePromo', 'StateHoliday_bool', 'trend_DE', 'Max_Wind_SpeedKm_h', 'CloudCover', 'BeforeStateHoliday_bool', 'BeforeClose_bool', 'Max_TemperatureC', 'AfterPromo', 'trend', 'Precipitationmm', 'Mean_Humidity', 'Mean_Wind_SpeedKm_h']",0.14325538277626038,11
137,8,25,"['StateHoliday_bool_bw', 'Promo2SinceYear', 'Promo', 'State', 'SchoolHoliday_fw', 'Store', 'SchoolHoliday_bw', 'Week', 'DayOfWeek', 'StoreType', 'Month', 'Max_Humidity', 'AfterPromo', 'BeforeSchoolHoliday', 'CompetitionDistance', 'StateHoliday_bool', 'Mean_Wind_SpeedKm_h', 'trend', 'Mean_Humidity', 'Max_TemperatureC', 'Precipitationmm', 'AfterClose_bool', 'BeforePromo', 'trend_DE', 'Max_Wind_SpeedKm_h']",0.14349830150604248,12
46,7,40,"['Year', 'PromoInterval', 'Promo', 'Week', 'StateHoliday', 'Promo_fw', 'StateHoliday_bool_bw', 'Promo_bw', 'Close_bool_bw', 'Month', 'Promo2SinceYear', 'DayOfWeek', 'Close_bool_fw', 'Assortment', 'SchoolHoliday', 'SchoolHoliday_bw', 'State', 'Promo2SinceWeek', 'Day', 'Events', 'Promo2Weeks', 'CompetitionOpenSinceYear', 'StoreType', 'StateHoliday_bool_fw', 'Store', 'Promo2', 'AfterSchoolHoliday', 'Mean_Humidity', 'CloudCover', 'BeforePromo', 'Min_Humidity', 'Max_Humidity', 'BeforeClose_bool', 'trend', 'CompetitionDistance', 'AfterPromo', 'BeforeSchoolHoliday', 'Mean_Wind_SpeedKm_h', 'BeforeStateHoliday_bool', 'AfterStateHoliday_bool']",0.1436040997505188,2
17,17,36,"['Promo2Weeks', 'Week', 'CompetitionMonthsOpen', 'Store', 'Close_bool_bw', 'Events', 'Assortment', 'CompetitionOpenSinceYear', 'SchoolHoliday', 'Promo_bw', 'Promo', 'Year', 'Day', 'StateHoliday_bool_bw', 'StoreType', 'Close_bool_fw', 'StateHoliday', 'State', 'Promo2SinceWeek', 'Promo_fw', 'Month', 'Promo2', 'Promo2SinceYear', 'SchoolHoliday_fw', 'PromoInterval', 'StateHoliday_bool_fw', 'trend_DE', 'Max_Wind_SpeedKm_h', 'BeforePromo', 'Max_Humidity', 'Min_TemperatureC', 'trend', 'Precipitationmm', 'Min_Humidity', 'BeforeSchoolHoliday', 'StateHoliday_bool']",0.1437060534954071,0
41,2,39,"['Store', 'Promo_bw', 'CompetitionMonthsOpen', 'Promo2SinceYear', 'Promo', 'StateHoliday', 'StateHoliday_bool_fw', 'Close_bool_fw', 'Assortment', 'Promo2SinceWeek', 'Promo_fw', 'Year', 'Day', 'Promo2', 'SchoolHoliday_fw', 'Promo2Weeks', 'State', 'Events', 'SchoolHoliday', 'PromoInterval', 'AfterSchoolHoliday', 'BeforePromo', 'Mean_Wind_SpeedKm_h', 'BeforeSchoolHoliday', 'BeforeStateHoliday_bool', 'trend_DE', 'Mean_Humidity', 'Max_Humidity', 'Max_TemperatureC', 'Precipitationmm', 'trend', 'AfterPromo', 'Mean_TemperatureC', 'Min_Humidity', 'Min_TemperatureC', 'Max_Wind_SpeedKm_h', 'BeforeClose_bool', 'CompetitionDistance', 'AfterStateHoliday_bool']",0.144094318151474,2
93,0,42,"['CompetitionOpenSinceYear', 'Day', 'StateHoliday_bool_bw', 'Promo2', 'StateHoliday_bool_fw', 'PromoInterval', 'Month', 'Promo2SinceYear', 'Close_bool_bw', 'Week', 'Promo2SinceWeek', 'Events', 'StateHoliday', 'State', 'Year', 'CompetitionMonthsOpen', 'Promo2Weeks', 'Promo_bw', 'Promo_fw', 'SchoolHoliday_fw', 'DayOfWeek', 'Store', 'SchoolHoliday_bw', 'AfterPromo', 'Min_TemperatureC', 'Min_Humidity', 'BeforeClose_bool', 'AfterStateHoliday_bool', 'BeforeSchoolHoliday', 'Max_Humidity', 'Precipitationmm', 'BeforePromo', 'AfterSchoolHoliday', 'BeforeStateHoliday_bool', 'Mean_Wind_SpeedKm_h', 'AfterClose_bool', 'Max_Wind_SpeedKm_h', 'trend_DE', 'StateHoliday_bool', 'CompetitionDistance', 'Mean_TemperatureC', 'Max_TemperatureC']",0.14440138638019562,8
76,1,43,"['Week', 'Promo_bw', 'Events', 'Close_bool_fw', 'Month', 'CompetitionOpenSinceYear', 'Promo', 'SchoolHoliday_fw', 'Close_bool_bw', 'StateHoliday', 'Promo2Weeks', 'Store', 'SchoolHoliday_bw', 'Promo_fw', 'StateHoliday_bool_bw', 'CompetitionMonthsOpen', 'Day', 'StoreType', 'Year', 'StateHoliday_bool_fw', 'PromoInterval', 'Assortment', 'Promo2SinceYear', 'Max_Wind_SpeedKm_h', 'Max_TemperatureC', 'BeforeClose_bool', 'AfterPromo', 'BeforeSchoolHoliday', 'StateHoliday_bool', 'Mean_Wind_SpeedKm_h', 'Mean_TemperatureC', 'AfterClose_bool', 'AfterSchoolHoliday', 'trend_DE', 'CloudCover', 'trend', 'Min_Humidity', 'Precipitationmm', 'BeforePromo', 'Max_Humidity', 'Mean_Humidity', 'CompetitionDistance', 'Min_TemperatureC']",0.14466576278209686,6
62,5,30,"['Week', 'CompetitionMonthsOpen', 'Store', 'Promo2Weeks', 'SchoolHoliday_bw', 'Promo_fw', 'StateHoliday', 'Promo2SinceYear', 'StateHoliday_bool_fw', 'SchoolHoliday', 'CompetitionOpenSinceYear', 'Promo2SinceWeek', 'PromoInterval', 'Day', 'Promo_bw', 'AfterSchoolHoliday', 'Mean_TemperatureC', 'AfterStateHoliday_bool', 'AfterPromo', 'Max_TemperatureC', 'Mean_Humidity', 'BeforeStateHoliday_bool', 'Max_Wind_SpeedKm_h', 'trend', 'CompetitionDistance', 'AfterClose_bool', 'trend_DE', 'Precipitationmm', 'CloudCover', 'Min_TemperatureC']",0.1446973830461502,4
15,15,47,"['Promo2Weeks', 'Week', 'CompetitionMonthsOpen', 'Store', 'Close_bool_bw', 'Events', 'Assortment', 'CompetitionOpenSinceYear', 'SchoolHoliday', 'Promo_bw', 'Promo', 'Year', 'Day', 'StateHoliday_bool_bw', 'StoreType', 'Close_bool_fw', 'StateHoliday', 'State', 'Promo2SinceWeek', 'Promo_fw', 'Month', 'Promo2', 'Promo2SinceYear', 'SchoolHoliday_fw', 'PromoInterval', 'StateHoliday_bool_fw', 'AfterPromo', 'BeforeStateHoliday_bool', 'BeforeClose_bool', 'AfterStateHoliday_bool', 'AfterSchoolHoliday', 'Min_Humidity', 'Min_TemperatureC', 'Max_Humidity', 'trend_DE', 'Max_Wind_SpeedKm_h', 'Max_TemperatureC', 'BeforePromo', 'AfterClose_bool', 'Mean_Wind_SpeedKm_h', 'Mean_TemperatureC', 'CompetitionDistance', 'CloudCover', 'StateHoliday_bool', 'Mean_Humidity', 'BeforeSchoolHoliday', 'trend']",0.14477676153182986,0
13,13,44,"['Promo2Weeks', 'Week', 'CompetitionMonthsOpen', 'Store', 'Close_bool_bw', 'Events', 'Assortment', 'CompetitionOpenSinceYear', 'SchoolHoliday', 'Promo_bw', 'Promo', 'Year', 'Day', 'StateHoliday_bool_bw', 'StoreType', 'Close_bool_fw', 'StateHoliday', 'State', 'Promo2SinceWeek', 'Promo_fw', 'Month', 'Promo2', 'Promo2SinceYear', 'SchoolHoliday_fw', 'PromoInterval', 'StateHoliday_bool_fw', 'Mean_TemperatureC', 'Precipitationmm', 'AfterPromo', 'trend_DE', 'Mean_Humidity', 'StateHoliday_bool', 'Min_Humidity', 'BeforeStateHoliday_bool', 'AfterClose_bool', 'Mean_Wind_SpeedKm_h', 'Max_Humidity', 'BeforePromo', 'Max_Wind_SpeedKm_h', 'CompetitionDistance', 'Min_TemperatureC', 'AfterSchoolHoliday', 'BeforeSchoolHoliday', 'Max_TemperatureC']",0.1448885202407837,0
12,12,44,"['Promo2Weeks', 'Week', 'CompetitionMonthsOpen', 'Store', 'Close_bool_bw', 'Events', 'Assortment', 'CompetitionOpenSinceYear', 'SchoolHoliday', 'Promo_bw', 'Promo', 'Year', 'Day', 'StateHoliday_bool_bw', 'StoreType', 'Close_bool_fw', 'StateHoliday', 'State', 'Promo2SinceWeek', 'Promo_fw', 'Month', 'Promo2', 'Promo2SinceYear', 'SchoolHoliday_fw', 'PromoInterval', 'StateHoliday_bool_fw', 'AfterSchoolHoliday', 'BeforeStateHoliday_bool', 'Mean_TemperatureC', 'Min_Humidity', 'CloudCover', 'AfterStateHoliday_bool', 'Max_TemperatureC', 'AfterClose_bool', 'BeforePromo', 'Min_TemperatureC', 'Max_Humidity', 'BeforeSchoolHoliday', 'CompetitionDistance', 'StateHoliday_bool', 'trend_DE', 'BeforeClose_bool', 'Precipitationmm', 'Mean_Wind_SpeedKm_h']",0.14495040476322174,0
74,8,38,"['CompetitionOpenSinceYear', 'Store', 'Events', 'Promo_fw', 'Promo_bw', 'Promo', 'Promo2SinceYear', 'StateHoliday_bool_fw', 'Month', 'StoreType', 'Close_bool_bw', 'SchoolHoliday_fw', 'Week', 'Close_bool_fw', 'SchoolHoliday_bw', 'StateHoliday', 'DayOfWeek', 'Promo2', 'Year', 'Promo2Weeks', 'StateHoliday_bool_bw', 'SchoolHoliday', 'Mean_Humidity', 'trend_DE', 'CloudCover', 'Max_Wind_SpeedKm_h', 'Mean_TemperatureC', 'trend', 'AfterPromo', 'AfterStateHoliday_bool', 'BeforeSchoolHoliday', 'Max_TemperatureC', 'Min_TemperatureC', 'BeforeStateHoliday_bool', 'CompetitionDistance', 'Min_Humidity', 'Max_Humidity', 'BeforeClose_bool']",0.14513564109802246,5
60,3,30,"['Week', 'CompetitionMonthsOpen', 'Store', 'Promo2Weeks', 'SchoolHoliday_bw', 'Promo_fw', 'StateHoliday', 'Promo2SinceYear', 'StateHoliday_bool_fw', 'SchoolHoliday', 'CompetitionOpenSinceYear', 'Promo2SinceWeek', 'PromoInterval', 'Day', 'Promo_bw', 'Max_TemperatureC', 'trend_DE', 'Mean_TemperatureC', 'AfterPromo', 'CompetitionDistance', 'StateHoliday_bool', 'Max_Wind_SpeedKm_h', 'Max_Humidity', 'Mean_Wind_SpeedKm_h', 'trend', 'BeforeSchoolHoliday', 'AfterClose_bool', 'BeforePromo', 'Precipitationmm', 'BeforeClose_bool']",0.1453160047531128,4
103,1,38,"['Year', 'Store', 'Promo_fw', 'Assortment', 'StateHoliday', 'Close_bool_bw', 'Promo2SinceWeek', 'StateHoliday_bool_bw', 'Promo_bw', 'PromoInterval', 'Promo2SinceYear', 'State', 'Month', 'StateHoliday_bool_fw', 'SchoolHoliday', 'SchoolHoliday_fw', 'CompetitionOpenSinceYear', 'Close_bool_fw', 'DayOfWeek', 'Min_TemperatureC', 'Precipitationmm', 'Min_Humidity', 'Mean_Wind_SpeedKm_h', 'AfterSchoolHoliday', 'AfterClose_bool', 'CloudCover', 'AfterStateHoliday_bool', 'Max_Wind_SpeedKm_h', 'trend', 'Mean_Humidity', 'Mean_TemperatureC', 'BeforeSchoolHoliday', 'Max_Humidity', 'CompetitionDistance', 'AfterPromo', 'trend_DE', 'BeforeClose_bool', 'Max_TemperatureC']",0.1453738808631897,9
61,4,25,"['Week', 'CompetitionMonthsOpen', 'Store', 'Promo2Weeks', 'SchoolHoliday_bw', 'Promo_fw', 'StateHoliday', 'Promo2SinceYear', 'StateHoliday_bool_fw', 'SchoolHoliday', 'CompetitionOpenSinceYear', 'Promo2SinceWeek', 'PromoInterval', 'Day', 'Promo_bw', 'AfterClose_bool', 'trend_DE', 'BeforePromo', 'Min_TemperatureC', 'Min_Humidity', 'trend', 'Max_Wind_SpeedKm_h', 'Mean_Wind_SpeedKm_h', 'CompetitionDistance', 'BeforeClose_bool']",0.14540329575538635,4
102,0,31,"['Year', 'Store', 'Promo_fw', 'Assortment', 'StateHoliday', 'Close_bool_bw', 'Promo2SinceWeek', 'StateHoliday_bool_bw', 'Promo_bw', 'PromoInterval', 'Promo2SinceYear', 'State', 'Month', 'StateHoliday_bool_fw', 'SchoolHoliday', 'SchoolHoliday_fw', 'CompetitionOpenSinceYear', 'Close_bool_fw', 'DayOfWeek', 'BeforePromo', 'Max_TemperatureC', 'Mean_TemperatureC', 'BeforeClose_bool', 'Mean_Humidity', 'Max_Wind_SpeedKm_h', 'Max_Humidity', 'AfterStateHoliday_bool', 'CloudCover', 'AfterPromo', 'CompetitionDistance', 'AfterSchoolHoliday']",0.14579790830612185,9
14,14,47,"['Promo2Weeks', 'Week', 'CompetitionMonthsOpen', 'Store', 'Close_bool_bw', 'Events', 'Assortment', 'CompetitionOpenSinceYear', 'SchoolHoliday', 'Promo_bw', 'Promo', 'Year', 'Day', 'StateHoliday_bool_bw', 'StoreType', 'Close_bool_fw', 'StateHoliday', 'State', 'Promo2SinceWeek', 'Promo_fw', 'Month', 'Promo2', 'Promo2SinceYear', 'SchoolHoliday_fw', 'PromoInterval', 'StateHoliday_bool_fw', 'CloudCover', 'Max_Humidity', 'Precipitationmm', 'Max_TemperatureC', 'Min_TemperatureC', 'trend', 'Mean_Humidity', 'AfterPromo', 'trend_DE', 'BeforePromo', 'Min_Humidity', 'CompetitionDistance', 'AfterSchoolHoliday', 'Mean_Wind_SpeedKm_h', 'BeforeStateHoliday_bool', 'Mean_TemperatureC', 'Max_Wind_SpeedKm_h', 'BeforeSchoolHoliday', 'StateHoliday_bool', 'AfterStateHoliday_bool', 'BeforeClose_bool']",0.14579983055591586,0
72,6,33,"['CompetitionOpenSinceYear', 'Store', 'Events', 'Promo_fw', 'Promo_bw', 'Promo', 'Promo2SinceYear', 'StateHoliday_bool_fw', 'Month', 'StoreType', 'Close_bool_bw', 'SchoolHoliday_fw', 'Week', 'Close_bool_fw', 'SchoolHoliday_bw', 'StateHoliday', 'DayOfWeek', 'Promo2', 'Year', 'Promo2Weeks', 'StateHoliday_bool_bw', 'SchoolHoliday', 'Mean_TemperatureC', 'trend', 'Mean_Humidity', 'BeforePromo', 'Mean_Wind_SpeedKm_h', 'Precipitationmm', 'AfterStateHoliday_bool', 'Max_Humidity', 'CompetitionDistance', 'BeforeSchoolHoliday', 'AfterSchoolHoliday']",0.1458311229944229,5
53,5,31,"['DayOfWeek', 'Month', 'StateHoliday', 'Promo_fw', 'Close_bool_bw', 'State', 'Promo2Weeks', 'Store', 'SchoolHoliday_bw', 'CompetitionMonthsOpen', 'AfterSchoolHoliday', 'AfterPromo', 'trend_DE', 'trend', 'BeforeClose_bool', 'Mean_Humidity', 'StateHoliday_bool', 'CompetitionDistance', 'Max_Humidity', 'Precipitationmm', 'Mean_Wind_SpeedKm_h', 'AfterStateHoliday_bool', 'Max_Wind_SpeedKm_h', 'BeforePromo', 'BeforeStateHoliday_bool', 'AfterClose_bool', 'CloudCover', 'Max_TemperatureC', 'Min_Humidity', 'BeforeSchoolHoliday', 'Min_TemperatureC']",0.14669091999530792,3
31,1,39,"['Week', 'Close_bool_fw', 'Promo2SinceYear', 'CompetitionOpenSinceYear', 'StateHoliday_bool_bw', 'StateHoliday', 'Promo2SinceWeek', 'SchoolHoliday', 'DayOfWeek', 'Assortment', 'Promo', 'PromoInterval', 'StateHoliday_bool_fw', 'Month', 'SchoolHoliday_fw', 'Promo2Weeks', 'Promo_fw', 'Promo_bw', 'Store', 'Events', 'Close_bool_bw', 'CompetitionMonthsOpen', 'StoreType', 'Mean_Wind_SpeedKm_h', 'AfterStateHoliday_bool', 'CloudCover', 'Mean_Humidity', 'trend', 'Min_Humidity', 'StateHoliday_bool', 'Max_TemperatureC', 'Min_TemperatureC', 'BeforeStateHoliday_bool', 'AfterPromo', 'trend_DE', 'AfterClose_bool', 'AfterSchoolHoliday', 'BeforeClose_bool', 'BeforePromo']",0.14672072231769562,1
73,7,39,"['CompetitionOpenSinceYear', 'Store', 'Events', 'Promo_fw', 'Promo_bw', 'Promo', 'Promo2SinceYear', 'StateHoliday_bool_fw', 'Month', 'StoreType', 'Close_bool_bw', 'SchoolHoliday_fw', 'Week', 'Close_bool_fw', 'SchoolHoliday_bw', 'StateHoliday', 'DayOfWeek', 'Promo2', 'Year', 'Promo2Weeks', 'StateHoliday_bool_bw', 'SchoolHoliday', 'BeforeClose_bool', 'Max_TemperatureC', 'trend', 'Min_TemperatureC', 'CompetitionDistance', 'Max_Humidity', 'Precipitationmm', 'Min_Humidity', 'Mean_Wind_SpeedKm_h', 'AfterSchoolHoliday', 'BeforeStateHoliday_bool', 'CloudCover', 'AfterStateHoliday_bool', 'trend_DE', 'BeforePromo', 'StateHoliday_bool', 'Max_Wind_SpeedKm_h']",0.1469183713197708,5
45,6,41,"['Year', 'PromoInterval', 'Promo', 'Week', 'StateHoliday', 'Promo_fw', 'StateHoliday_bool_bw', 'Promo_bw', 'Close_bool_bw', 'Month', 'Promo2SinceYear', 'DayOfWeek', 'Close_bool_fw', 'Assortment', 'SchoolHoliday', 'SchoolHoliday_bw', 'State', 'Promo2SinceWeek', 'Day', 'Events', 'Promo2Weeks', 'CompetitionOpenSinceYear', 'StoreType', 'StateHoliday_bool_fw', 'Store', 'Promo2', 'trend_DE', 'Max_TemperatureC', 'BeforeSchoolHoliday', 'trend', 'Max_Humidity', 'AfterStateHoliday_bool', 'Min_TemperatureC', 'Max_Wind_SpeedKm_h', 'AfterSchoolHoliday', 'Min_Humidity', 'CloudCover', 'AfterClose_bool', 'Mean_TemperatureC', 'StateHoliday_bool', 'Mean_Wind_SpeedKm_h']",0.14725926518440247,2
69,3,24,"['CompetitionMonthsOpen', 'SchoolHoliday_bw', 'Week', 'StoreType', 'Store', 'StateHoliday_bool_fw', 'StateHoliday_bool_bw', 'Month', 'DayOfWeek', 'Promo_fw', 'StateHoliday', 'Promo2', 'Promo', 'Mean_TemperatureC', 'trend', 'Mean_Humidity', 'BeforePromo', 'Mean_Wind_SpeedKm_h', 'Precipitationmm', 'AfterStateHoliday_bool', 'Max_Humidity', 'CompetitionDistance', 'BeforeSchoolHoliday', 'AfterSchoolHoliday']",0.14757950603961945,5
54,6,40,"['Assortment', 'State', 'Promo_fw', 'CompetitionOpenSinceYear', 'Promo2SinceYear', 'Store', 'StateHoliday_bool_bw', 'SchoolHoliday', 'StateHoliday', 'CompetitionMonthsOpen', 'Promo_bw', 'Events', 'StoreType', 'DayOfWeek', 'Close_bool_fw', 'Week', 'StateHoliday_bool_fw', 'Promo2', 'Promo2Weeks', 'Day', 'PromoInterval', 'Close_bool_bw', 'Month', 'Year', 'trend', 'BeforeSchoolHoliday', 'Max_Humidity', 'Mean_Wind_SpeedKm_h', 'Precipitationmm', 'AfterPromo', 'AfterStateHoliday_bool', 'Max_Wind_SpeedKm_h', 'Min_TemperatureC', 'BeforePromo', 'CompetitionDistance', 'Max_TemperatureC', 'BeforeClose_bool', 'Mean_TemperatureC', 'BeforeStateHoliday_bool', 'StateHoliday_bool']",0.14759334921836853,3
126,6,45,"['StateHoliday_bool_bw', 'Store', 'Close_bool_bw', 'Promo2SinceYear', 'Promo_fw', 'StoreType', 'CompetitionOpenSinceYear', 'Day', 'SchoolHoliday_fw', 'PromoInterval', 'SchoolHoliday_bw', 'SchoolHoliday', 'Week', 'Promo_bw', 'Events', 'Promo2Weeks', 'Month', 'StateHoliday_bool_fw', 'Promo2', 'Year', 'DayOfWeek', 'Promo', 'CompetitionMonthsOpen', 'StateHoliday', 'State', 'BeforeClose_bool', 'Min_Humidity', 'Mean_Humidity', 'Min_TemperatureC', 'Mean_TemperatureC', 'StateHoliday_bool', 'trend', 'CompetitionDistance', 'AfterSchoolHoliday', 'trend_DE', 'AfterStateHoliday_bool', 'BeforeStateHoliday_bool', 'Max_Humidity', 'AfterPromo', 'BeforeSchoolHoliday', 'Precipitationmm', 'Mean_Wind_SpeedKm_h', 'AfterClose_bool', 'Max_Wind_SpeedKm_h', 'BeforePromo']",0.14772117137908936,11
135,6,21,"['StateHoliday_bool_bw', 'Promo2SinceYear', 'Promo', 'State', 'SchoolHoliday_fw', 'Store', 'SchoolHoliday_bw', 'Week', 'DayOfWeek', 'StoreType', 'Month', 'CloudCover', 'AfterClose_bool', 'BeforeClose_bool', 'BeforeSchoolHoliday', 'AfterStateHoliday_bool', 'Precipitationmm', 'Mean_TemperatureC', 'BeforePromo', 'Mean_Humidity', 'AfterSchoolHoliday']",0.14778046309947968,12
7,7,24,"['Store', 'CompetitionOpenSinceYear', 'StateHoliday', 'Promo_fw', 'Events', 'Promo2SinceYear', 'Promo2SinceWeek', 'StoreType', 'SchoolHoliday_fw', 'State', 'Day', 'Close_bool_fw', 'StateHoliday_bool_fw', 'Close_bool_bw', 'trend_DE', 'Max_Wind_SpeedKm_h', 'BeforePromo', 'Max_Humidity', 'Min_TemperatureC', 'trend', 'Precipitationmm', 'Min_Humidity', 'BeforeSchoolHoliday', 'StateHoliday_bool']",0.14778099954128265,0
98,5,44,"['Week', 'CompetitionMonthsOpen', 'Year', 'SchoolHoliday', 'Assortment', 'State', 'PromoInterval', 'Promo2Weeks', 'Promo_bw', 'Promo2SinceWeek', 'Store', 'Month', 'StateHoliday', 'Promo2SinceYear', 'Promo', 'CompetitionOpenSinceYear', 'SchoolHoliday_fw', 'Day', 'Promo_fw', 'StateHoliday_bool_bw', 'Events', 'Close_bool_bw', 'StateHoliday_bool_fw', 'StoreType', 'Min_TemperatureC', 'BeforeClose_bool', 'BeforeStateHoliday_bool', 'BeforeSchoolHoliday', 'CompetitionDistance', 'trend', 'StateHoliday_bool', 'AfterSchoolHoliday', 'Precipitationmm', 'AfterPromo', 'Max_Wind_SpeedKm_h', 'Mean_Humidity', 'Min_Humidity', 'AfterStateHoliday_bool', 'BeforePromo', 'Mean_Wind_SpeedKm_h', 'trend_DE', 'Max_Humidity', 'AfterClose_bool', 'Mean_TemperatureC']",0.14804022014141086,8
90,6,40,"['Week', 'Close_bool_bw', 'PromoInterval', 'Day', 'SchoolHoliday', 'Promo2Weeks', 'SchoolHoliday_bw', 'StoreType', 'Store', 'SchoolHoliday_fw', 'Year', 'StateHoliday', 'Promo2', 'Promo2SinceWeek', 'State', 'Promo_fw', 'StateHoliday_bool_bw', 'DayOfWeek', 'Assortment', 'CompetitionOpenSinceYear', 'Promo', 'Events', 'StateHoliday_bool', 'BeforeStateHoliday_bool', 'BeforeSchoolHoliday', 'AfterPromo', 'AfterSchoolHoliday', 'trend_DE', 'Max_Humidity', 'Min_Humidity', 'Max_TemperatureC', 'Mean_Wind_SpeedKm_h', 'AfterStateHoliday_bool', 'CloudCover', 'Precipitationmm', 'Min_TemperatureC', 'Mean_TemperatureC', 'Mean_Humidity', 'AfterClose_bool', 'CompetitionDistance']",0.14829106628894806,7
33,3,36,"['Promo2Weeks', 'StateHoliday_bool_fw', 'Close_bool_fw', 'StateHoliday_bool_bw', 'Day', 'Promo_fw', 'Store', 'Events', 'SchoolHoliday_fw', 'Year', 'DayOfWeek', 'SchoolHoliday', 'Promo2SinceWeek', 'Promo2', 'PromoInterval', 'StateHoliday', 'Week', 'StoreType', 'Close_bool_bw', 'Month', 'CompetitionOpenSinceYear', 'SchoolHoliday_bw', 'Promo_bw', 'trend', 'CloudCover', 'AfterStateHoliday_bool', 'BeforeClose_bool', 'trend_DE', 'Min_TemperatureC', 'AfterPromo', 'Max_Wind_SpeedKm_h', 'BeforeSchoolHoliday', 'AfterClose_bool', 'Mean_Humidity', 'AfterSchoolHoliday', 'Precipitationmm']",0.1483522355556488,1
30,0,36,"['Week', 'Close_bool_fw', 'Promo2SinceYear', 'CompetitionOpenSinceYear', 'StateHoliday_bool_bw', 'StateHoliday', 'Promo2SinceWeek', 'SchoolHoliday', 'DayOfWeek', 'Assortment', 'Promo', 'PromoInterval', 'StateHoliday_bool_fw', 'Month', 'SchoolHoliday_fw', 'Promo2Weeks', 'Promo_fw', 'Promo_bw', 'Store', 'Events', 'Close_bool_bw', 'CompetitionMonthsOpen', 'StoreType', 'trend', 'CloudCover', 'AfterStateHoliday_bool', 'BeforeClose_bool', 'trend_DE', 'Min_TemperatureC', 'AfterPromo', 'Max_Wind_SpeedKm_h', 'BeforeSchoolHoliday', 'AfterClose_bool', 'Mean_Humidity', 'AfterSchoolHoliday', 'Precipitationmm']",0.14862582087516785,1
5,5,35,"['Store', 'CompetitionOpenSinceYear', 'StateHoliday', 'Promo_fw', 'Events', 'Promo2SinceYear', 'Promo2SinceWeek', 'StoreType', 'SchoolHoliday_fw', 'State', 'Day', 'Close_bool_fw', 'StateHoliday_bool_fw', 'Close_bool_bw', 'AfterPromo', 'BeforeStateHoliday_bool', 'BeforeClose_bool', 'AfterStateHoliday_bool', 'AfterSchoolHoliday', 'Min_Humidity', 'Min_TemperatureC', 'Max_Humidity', 'trend_DE', 'Max_Wind_SpeedKm_h', 'Max_TemperatureC', 'BeforePromo', 'AfterClose_bool', 'Mean_Wind_SpeedKm_h', 'Mean_TemperatureC', 'CompetitionDistance', 'CloudCover', 'StateHoliday_bool', 'Mean_Humidity', 'BeforeSchoolHoliday', 'trend']",0.1489952802658081,0
32,2,37,"['Week', 'Close_bool_fw', 'Promo2SinceYear', 'CompetitionOpenSinceYear', 'StateHoliday_bool_bw', 'StateHoliday', 'Promo2SinceWeek', 'SchoolHoliday', 'DayOfWeek', 'Assortment', 'Promo', 'PromoInterval', 'StateHoliday_bool_fw', 'Month', 'SchoolHoliday_fw', 'Promo2Weeks', 'Promo_fw', 'Promo_bw', 'Store', 'Events', 'Close_bool_bw', 'CompetitionMonthsOpen', 'StoreType', 'Precipitationmm', 'Max_Wind_SpeedKm_h', 'Max_Humidity', 'AfterPromo', 'Min_TemperatureC', 'Mean_TemperatureC', 'AfterStateHoliday_bool', 'Max_TemperatureC', 'CompetitionDistance', 'trend', 'Min_Humidity', 'AfterSchoolHoliday', 'trend_DE', 'BeforeStateHoliday_bool']",0.14935067296028134,1
4,4,35,"['Store', 'CompetitionOpenSinceYear', 'StateHoliday', 'Promo_fw', 'Events', 'Promo2SinceYear', 'Promo2SinceWeek', 'StoreType', 'SchoolHoliday_fw', 'State', 'Day', 'Close_bool_fw', 'StateHoliday_bool_fw', 'Close_bool_bw', 'CloudCover', 'Max_Humidity', 'Precipitationmm', 'Max_TemperatureC', 'Min_TemperatureC', 'trend', 'Mean_Humidity', 'AfterPromo', 'trend_DE', 'BeforePromo', 'Min_Humidity', 'CompetitionDistance', 'AfterSchoolHoliday', 'Mean_Wind_SpeedKm_h', 'BeforeStateHoliday_bool', 'Mean_TemperatureC', 'Max_Wind_SpeedKm_h', 'BeforeSchoolHoliday', 'StateHoliday_bool', 'AfterStateHoliday_bool', 'BeforeClose_bool']",0.14945904910564425,0
92,8,40,"['Week', 'Close_bool_bw', 'PromoInterval', 'Day', 'SchoolHoliday', 'Promo2Weeks', 'SchoolHoliday_bw', 'StoreType', 'Store', 'SchoolHoliday_fw', 'Year', 'StateHoliday', 'Promo2', 'Promo2SinceWeek', 'State', 'Promo_fw', 'StateHoliday_bool_bw', 'DayOfWeek', 'Assortment', 'CompetitionOpenSinceYear', 'Promo', 'Events', 'Mean_TemperatureC', 'Max_Wind_SpeedKm_h', 'BeforeStateHoliday_bool', 'Mean_Wind_SpeedKm_h', 'AfterPromo', 'Min_TemperatureC', 'Max_TemperatureC', 'AfterClose_bool', 'AfterSchoolHoliday', 'Max_Humidity', 'trend_DE', 'Precipitationmm', 'CloudCover', 'CompetitionDistance', 'Mean_Humidity', 'BeforeClose_bool', 'StateHoliday_bool', 'AfterStateHoliday_bool']",0.1498185694217682,7
9,9,32,"['Store', 'CompetitionOpenSinceYear', 'StateHoliday', 'Promo_fw', 'Events', 'Promo2SinceYear', 'Promo2SinceWeek', 'StoreType', 'SchoolHoliday_fw', 'State', 'Day', 'Close_bool_fw', 'StateHoliday_bool_fw', 'Close_bool_bw', 'Precipitationmm', 'AfterPromo', 'AfterStateHoliday_bool', 'Min_TemperatureC', 'Max_Humidity', 'trend_DE', 'BeforePromo', 'Mean_Humidity', 'Min_Humidity', 'CloudCover', 'Max_Wind_SpeedKm_h', 'Mean_Wind_SpeedKm_h', 'AfterSchoolHoliday', 'BeforeStateHoliday_bool', 'BeforeClose_bool', 'trend', 'StateHoliday_bool', 'Max_TemperatureC']",0.150360107421875,0
43,4,33,"['StateHoliday_bool_bw', 'PromoInterval', 'CompetitionMonthsOpen', 'Promo2SinceWeek', 'State', 'Promo_bw', 'SchoolHoliday_fw', 'Store', 'Week', 'Close_bool_bw', 'Promo2SinceYear', 'CompetitionOpenSinceYear', 'Day', 'Promo2', 'SchoolHoliday', 'DayOfWeek', 'Promo_fw', 'StateHoliday_bool_fw', 'StateHoliday', 'AfterSchoolHoliday', 'Mean_Humidity', 'CloudCover', 'BeforePromo', 'Min_Humidity', 'Max_Humidity', 'BeforeClose_bool', 'trend', 'CompetitionDistance', 'AfterPromo', 'BeforeSchoolHoliday', 'Mean_Wind_SpeedKm_h', 'BeforeStateHoliday_bool', 'AfterStateHoliday_bool']",0.1504262536764145,2
39,0,35,"['Store', 'Promo_bw', 'CompetitionMonthsOpen', 'Promo2SinceYear', 'Promo', 'StateHoliday', 'StateHoliday_bool_fw', 'Close_bool_fw', 'Assortment', 'Promo2SinceWeek', 'Promo_fw', 'Year', 'Day', 'Promo2', 'SchoolHoliday_fw', 'Promo2Weeks', 'State', 'Events', 'SchoolHoliday', 'PromoInterval', 'trend_DE', 'Max_TemperatureC', 'BeforeSchoolHoliday', 'trend', 'Max_Humidity', 'AfterStateHoliday_bool', 'Min_TemperatureC', 'Max_Wind_SpeedKm_h', 'AfterSchoolHoliday', 'Min_Humidity', 'CloudCover', 'AfterClose_bool', 'Mean_TemperatureC', 'StateHoliday_bool', 'Mean_Wind_SpeedKm_h']",0.15147662162780762,2
96,3,43,"['Week', 'CompetitionMonthsOpen', 'Year', 'SchoolHoliday', 'Assortment', 'State', 'PromoInterval', 'Promo2Weeks', 'Promo_bw', 'Promo2SinceWeek', 'Store', 'Month', 'StateHoliday', 'Promo2SinceYear', 'Promo', 'CompetitionOpenSinceYear', 'SchoolHoliday_fw', 'Day', 'Promo_fw', 'StateHoliday_bool_bw', 'Events', 'Close_bool_bw', 'StateHoliday_bool_fw', 'StoreType', 'AfterPromo', 'Min_TemperatureC', 'Min_Humidity', 'BeforeClose_bool', 'AfterStateHoliday_bool', 'BeforeSchoolHoliday', 'Max_Humidity', 'Precipitationmm', 'BeforePromo', 'AfterSchoolHoliday', 'BeforeStateHoliday_bool', 'Mean_Wind_SpeedKm_h', 'AfterClose_bool', 'Max_Wind_SpeedKm_h', 'trend_DE', 'StateHoliday_bool', 'CompetitionDistance', 'Mean_TemperatureC', 'Max_TemperatureC']",0.15208032727241516,8
51,3,26,"['DayOfWeek', 'Month', 'StateHoliday', 'Promo_fw', 'Close_bool_bw', 'State', 'Promo2Weeks', 'Store', 'SchoolHoliday_bw', 'CompetitionMonthsOpen', 'trend', 'BeforeSchoolHoliday', 'Max_Humidity', 'Mean_Wind_SpeedKm_h', 'Precipitationmm', 'AfterPromo', 'AfterStateHoliday_bool', 'Max_Wind_SpeedKm_h', 'Min_TemperatureC', 'BeforePromo', 'CompetitionDistance', 'Max_TemperatureC', 'BeforeClose_bool', 'Mean_TemperatureC', 'BeforeStateHoliday_bool', 'StateHoliday_bool']",0.15222683548927307,3
97,4,41,"['Week', 'CompetitionMonthsOpen', 'Year', 'SchoolHoliday', 'Assortment', 'State', 'PromoInterval', 'Promo2Weeks', 'Promo_bw', 'Promo2SinceWeek', 'Store', 'Month', 'StateHoliday', 'Promo2SinceYear', 'Promo', 'CompetitionOpenSinceYear', 'SchoolHoliday_fw', 'Day', 'Promo_fw', 'StateHoliday_bool_bw', 'Events', 'Close_bool_bw', 'StateHoliday_bool_fw', 'StoreType', 'Min_TemperatureC', 'CloudCover', 'AfterPromo', 'Mean_TemperatureC', 'Max_Wind_SpeedKm_h', 'BeforeSchoolHoliday', 'StateHoliday_bool', 'AfterSchoolHoliday', 'Min_Humidity', 'AfterClose_bool', 'trend_DE', 'BeforeStateHoliday_bool', 'Max_Humidity', 'CompetitionDistance', 'Max_TemperatureC', 'BeforePromo', 'trend']",0.1524779498577118,8
118,7,33,"['StateHoliday_bool_fw', 'Store', 'SchoolHoliday_fw', 'CompetitionMonthsOpen', 'Promo_bw', 'Promo2', 'Promo', 'State', 'Close_bool_fw', 'Promo2Weeks', 'PromoInterval', 'Week', 'Promo2SinceYear', 'StoreType', 'SchoolHoliday_bw', 'Mean_Humidity', 'Precipitationmm', 'AfterSchoolHoliday', 'BeforeSchoolHoliday', 'trend_DE', 'StateHoliday_bool', 'AfterPromo', 'BeforePromo', 'CompetitionDistance', 'Max_Wind_SpeedKm_h', 'Max_TemperatureC', 'Min_Humidity', 'BeforeStateHoliday_bool', 'AfterStateHoliday_bool', 'Mean_TemperatureC', 'CloudCover', 'Mean_Wind_SpeedKm_h', 'Max_Humidity']",0.1530349850654602,10
117,6,33,"['StateHoliday_bool_fw', 'Store', 'SchoolHoliday_fw', 'CompetitionMonthsOpen', 'Promo_bw', 'Promo2', 'Promo', 'State', 'Close_bool_fw', 'Promo2Weeks', 'PromoInterval', 'Week', 'Promo2SinceYear', 'StoreType', 'SchoolHoliday_bw', 'Min_Humidity', 'StateHoliday_bool', 'AfterStateHoliday_bool', 'Max_Wind_SpeedKm_h', 'BeforePromo', 'Mean_Humidity', 'Max_Humidity', 'BeforeStateHoliday_bool', 'trend', 'Max_TemperatureC', 'BeforeSchoolHoliday', 'Precipitationmm', 'AfterPromo', 'BeforeClose_bool', 'Mean_TemperatureC', 'AfterSchoolHoliday', 'trend_DE', 'Min_TemperatureC']",0.15311452746391296,10
10,10,44,"['Promo2Weeks', 'Week', 'CompetitionMonthsOpen', 'Store', 'Close_bool_bw', 'Events', 'Assortment', 'CompetitionOpenSinceYear', 'SchoolHoliday', 'Promo_bw', 'Promo', 'Year', 'Day', 'StateHoliday_bool_bw', 'StoreType', 'Close_bool_fw', 'StateHoliday', 'State', 'Promo2SinceWeek', 'Promo_fw', 'Month', 'Promo2', 'Promo2SinceYear', 'SchoolHoliday_fw', 'PromoInterval', 'StateHoliday_bool_fw', 'BeforeSchoolHoliday', 'Max_TemperatureC', 'trend_DE', 'AfterPromo', 'Mean_Wind_SpeedKm_h', 'CompetitionDistance', 'AfterSchoolHoliday', 'BeforeStateHoliday_bool', 'Min_TemperatureC', 'Max_Wind_SpeedKm_h', 'BeforeClose_bool', 'Mean_TemperatureC', 'CloudCover', 'StateHoliday_bool', 'BeforePromo', 'AfterStateHoliday_bool', 'trend', 'Max_Humidity']",0.15391899645328522,0
75,0,40,"['Week', 'Promo_bw', 'Events', 'Close_bool_fw', 'Month', 'CompetitionOpenSinceYear', 'Promo', 'SchoolHoliday_fw', 'Close_bool_bw', 'StateHoliday', 'Promo2Weeks', 'Store', 'SchoolHoliday_bw', 'Promo_fw', 'StateHoliday_bool_bw', 'CompetitionMonthsOpen', 'Day', 'StoreType', 'Year', 'StateHoliday_bool_fw', 'PromoInterval', 'Assortment', 'Promo2SinceYear', 'AfterClose_bool', 'AfterSchoolHoliday', 'Max_Humidity', 'Mean_TemperatureC', 'BeforeStateHoliday_bool', 'AfterStateHoliday_bool', 'Max_TemperatureC', 'CompetitionDistance', 'BeforePromo', 'BeforeClose_bool', 'trend', 'AfterPromo', 'CloudCover', 'Mean_Humidity', 'Min_TemperatureC', 'Max_Wind_SpeedKm_h', 'StateHoliday_bool']",0.1539873033761978,6
8,8,24,"['Store', 'CompetitionOpenSinceYear', 'StateHoliday', 'Promo_fw', 'Events', 'Promo2SinceYear', 'Promo2SinceWeek', 'StoreType', 'SchoolHoliday_fw', 'State', 'Day', 'Close_bool_fw', 'StateHoliday_bool_fw', 'Close_bool_bw', 'Precipitationmm', 'Min_Humidity', 'Max_Wind_SpeedKm_h', 'CloudCover', 'CompetitionDistance', 'BeforePromo', 'BeforeStateHoliday_bool', 'BeforeClose_bool', 'AfterPromo', 'Min_TemperatureC']",0.15429840981960294,0
42,3,34,"['StateHoliday_bool_bw', 'PromoInterval', 'CompetitionMonthsOpen', 'Promo2SinceWeek', 'State', 'Promo_bw', 'SchoolHoliday_fw', 'Store', 'Week', 'Close_bool_bw', 'Promo2SinceYear', 'CompetitionOpenSinceYear', 'Day', 'Promo2', 'SchoolHoliday', 'DayOfWeek', 'Promo_fw', 'StateHoliday_bool_fw', 'StateHoliday', 'trend_DE', 'Max_TemperatureC', 'BeforeSchoolHoliday', 'trend', 'Max_Humidity', 'AfterStateHoliday_bool', 'Min_TemperatureC', 'Max_Wind_SpeedKm_h', 'AfterSchoolHoliday', 'Min_Humidity', 'CloudCover', 'AfterClose_bool', 'Mean_TemperatureC', 'StateHoliday_bool', 'Mean_Wind_SpeedKm_h']",0.15613648295402527,2
2,2,32,"['Store', 'CompetitionOpenSinceYear', 'StateHoliday', 'Promo_fw', 'Events', 'Promo2SinceYear', 'Promo2SinceWeek', 'StoreType', 'SchoolHoliday_fw', 'State', 'Day', 'Close_bool_fw', 'StateHoliday_bool_fw', 'Close_bool_bw', 'AfterSchoolHoliday', 'BeforeStateHoliday_bool', 'Mean_TemperatureC', 'Min_Humidity', 'CloudCover', 'AfterStateHoliday_bool', 'Max_TemperatureC', 'AfterClose_bool', 'BeforePromo', 'Min_TemperatureC', 'Max_Humidity', 'BeforeSchoolHoliday', 'CompetitionDistance', 'StateHoliday_bool', 'trend_DE', 'BeforeClose_bool', 'Precipitationmm', 'Mean_Wind_SpeedKm_h']",0.1600128561258316,0
3,3,32,"['Store', 'CompetitionOpenSinceYear', 'StateHoliday', 'Promo_fw', 'Events', 'Promo2SinceYear', 'Promo2SinceWeek', 'StoreType', 'SchoolHoliday_fw', 'State', 'Day', 'Close_bool_fw', 'StateHoliday_bool_fw', 'Close_bool_bw', 'Mean_TemperatureC', 'Precipitationmm', 'AfterPromo', 'trend_DE', 'Mean_Humidity', 'StateHoliday_bool', 'Min_Humidity', 'BeforeStateHoliday_bool', 'AfterClose_bool', 'Mean_Wind_SpeedKm_h', 'Max_Humidity', 'BeforePromo', 'Max_Wind_SpeedKm_h', 'CompetitionDistance', 'Min_TemperatureC', 'AfterSchoolHoliday', 'BeforeSchoolHoliday', 'Max_TemperatureC']",0.1602645218372345,0
40,1,34,"['Store', 'Promo_bw', 'CompetitionMonthsOpen', 'Promo2SinceYear', 'Promo', 'StateHoliday', 'StateHoliday_bool_fw', 'Close_bool_fw', 'Assortment', 'Promo2SinceWeek', 'Promo_fw', 'Year', 'Day', 'Promo2', 'SchoolHoliday_fw', 'Promo2Weeks', 'State', 'Events', 'SchoolHoliday', 'PromoInterval', 'AfterSchoolHoliday', 'Mean_Humidity', 'CloudCover', 'BeforePromo', 'Min_Humidity', 'Max_Humidity', 'BeforeClose_bool', 'trend', 'CompetitionDistance', 'AfterPromo', 'BeforeSchoolHoliday', 'Mean_Wind_SpeedKm_h', 'BeforeStateHoliday_bool', 'AfterStateHoliday_bool']",0.16190285980701447,2
119,8,29,"['StateHoliday_bool_fw', 'Store', 'SchoolHoliday_fw', 'CompetitionMonthsOpen', 'Promo_bw', 'Promo2', 'Promo', 'State', 'Close_bool_fw', 'Promo2Weeks', 'PromoInterval', 'Week', 'Promo2SinceYear', 'StoreType', 'SchoolHoliday_bw', 'AfterClose_bool', 'BeforeSchoolHoliday', 'StateHoliday_bool', 'Mean_Humidity', 'BeforePromo', 'Precipitationmm', 'Mean_Wind_SpeedKm_h', 'BeforeClose_bool', 'CloudCover', 'AfterSchoolHoliday', 'Min_TemperatureC', 'Min_Humidity', 'Mean_TemperatureC', 'Max_Wind_SpeedKm_h']",0.16215196251869202,10
6,6,26,"['Store', 'CompetitionOpenSinceYear', 'StateHoliday', 'Promo_fw', 'Events', 'Promo2SinceYear', 'Promo2SinceWeek', 'StoreType', 'SchoolHoliday_fw', 'State', 'Day', 'Close_bool_fw', 'StateHoliday_bool_fw', 'Close_bool_bw', 'Min_TemperatureC', 'Mean_Wind_SpeedKm_h', 'AfterStateHoliday_bool', 'Mean_Humidity', 'AfterPromo', 'Max_Wind_SpeedKm_h', 'Mean_TemperatureC', 'StateHoliday_bool', 'AfterSchoolHoliday', 'CloudCover', 'BeforeSchoolHoliday', 'Max_Humidity']",0.16267456114292145,0
0,0,32,"['Store', 'CompetitionOpenSinceYear', 'StateHoliday', 'Promo_fw', 'Events', 'Promo2SinceYear', 'Promo2SinceWeek', 'StoreType', 'SchoolHoliday_fw', 'State', 'Day', 'Close_bool_fw', 'StateHoliday_bool_fw', 'Close_bool_bw', 'BeforeSchoolHoliday', 'Max_TemperatureC', 'trend_DE', 'AfterPromo', 'Mean_Wind_SpeedKm_h', 'CompetitionDistance', 'AfterSchoolHoliday', 'BeforeStateHoliday_bool', 'Min_TemperatureC', 'Max_Wind_SpeedKm_h', 'BeforeClose_bool', 'Mean_TemperatureC', 'CloudCover', 'StateHoliday_bool', 'BeforePromo', 'AfterStateHoliday_bool', 'trend', 'Max_Humidity']",0.16462399065494535,0
116,5,27,"['SchoolHoliday_bw', 'CompetitionMonthsOpen', 'PromoInterval', 'SchoolHoliday', 'Promo2SinceWeek', 'State', 'Year', 'StateHoliday_bool_fw', 'CompetitionOpenSinceYear', 'Promo2SinceYear', 'Store', 'Month', 'StateHoliday', 'AfterClose_bool', 'BeforeSchoolHoliday', 'StateHoliday_bool', 'Mean_Humidity', 'BeforePromo', 'Precipitationmm', 'Mean_Wind_SpeedKm_h', 'BeforeClose_bool', 'CloudCover', 'AfterSchoolHoliday', 'Min_TemperatureC', 'Min_Humidity', 'Mean_TemperatureC', 'Max_Wind_SpeedKm_h']",0.17013315856456754,10
114,3,31,"['SchoolHoliday_bw', 'CompetitionMonthsOpen', 'PromoInterval', 'SchoolHoliday', 'Promo2SinceWeek', 'State', 'Year', 'StateHoliday_bool_fw', 'CompetitionOpenSinceYear', 'Promo2SinceYear', 'Store', 'Month', 'StateHoliday', 'Min_Humidity', 'StateHoliday_bool', 'AfterStateHoliday_bool', 'Max_Wind_SpeedKm_h', 'BeforePromo', 'Mean_Humidity', 'Max_Humidity', 'BeforeStateHoliday_bool', 'trend', 'Max_TemperatureC', 'BeforeSchoolHoliday', 'Precipitationmm', 'AfterPromo', 'BeforeClose_bool', 'Mean_TemperatureC', 'AfterSchoolHoliday', 'trend_DE', 'Min_TemperatureC']",0.1742328554391861,10
115,4,31,"['SchoolHoliday_bw', 'CompetitionMonthsOpen', 'PromoInterval', 'SchoolHoliday', 'Promo2SinceWeek', 'State', 'Year', 'StateHoliday_bool_fw', 'CompetitionOpenSinceYear', 'Promo2SinceYear', 'Store', 'Month', 'StateHoliday', 'Mean_Humidity', 'Precipitationmm', 'AfterSchoolHoliday', 'BeforeSchoolHoliday', 'trend_DE', 'StateHoliday_bool', 'AfterPromo', 'BeforePromo', 'CompetitionDistance', 'Max_Wind_SpeedKm_h', 'Max_TemperatureC', 'Min_Humidity', 'BeforeStateHoliday_bool', 'AfterStateHoliday_bool', 'Mean_TemperatureC', 'CloudCover', 'Mean_Wind_SpeedKm_h', 'Max_Humidity']",0.18845023214817047,10
1,1,28,"['Store', 'CompetitionOpenSinceYear', 'StateHoliday', 'Promo_fw', 'Events', 'Promo2SinceYear', 'Promo2SinceWeek', 'StoreType', 'SchoolHoliday_fw', 'State', 'Day', 'Close_bool_fw', 'StateHoliday_bool_fw', 'Close_bool_bw', 'AfterClose_bool', 'BeforeSchoolHoliday', 'AfterStateHoliday_bool', 'StateHoliday_bool', 'Min_Humidity', 'CompetitionDistance', 'CloudCover', 'trend', 'AfterSchoolHoliday', 'Mean_Wind_SpeedKm_h', 'Max_Wind_SpeedKm_h', 'Mean_Humidity', 'Precipitationmm', 'Mean_TemperatureC']",0.22581446170806885,0
58,1,35,"['Day', 'Assortment', 'Promo_fw', 'SchoolHoliday', 'Week', 'PromoInterval', 'Close_bool_fw', 'Month', 'CompetitionOpenSinceYear', 'Promo2Weeks', 'Events', 'Promo2SinceWeek', 'SchoolHoliday_fw', 'Close_bool_bw', 'StateHoliday_bool_bw', 'State', 'Promo2', 'CompetitionMonthsOpen', 'Promo_bw', 'StoreType', 'Year', 'SchoolHoliday_bw', 'DayOfWeek', 'Promo', 'Promo2SinceYear', 'AfterClose_bool', 'trend_DE', 'BeforePromo', 'Min_TemperatureC', 'Min_Humidity', 'trend', 'Max_Wind_SpeedKm_h', 'Mean_Wind_SpeedKm_h', 'CompetitionDistance', 'BeforeClose_bool']",0.2828459441661835,4
131,2,35,"['Promo_bw', 'Day', 'SchoolHoliday', 'Events', 'State', 'StoreType', 'Promo2Weeks', 'Close_bool_bw', 'PromoInterval', 'SchoolHoliday_fw', 'Promo2SinceWeek', 'SchoolHoliday_bw', 'Promo2', 'Week', 'CompetitionMonthsOpen', 'StateHoliday', 'Promo_fw', 'Month', 'Promo', 'CompetitionOpenSinceYear', 'StateHoliday_bool_fw', 'Max_Humidity', 'AfterPromo', 'BeforeSchoolHoliday', 'CompetitionDistance', 'StateHoliday_bool', 'Mean_Wind_SpeedKm_h', 'trend', 'Mean_Humidity', 'Max_TemperatureC', 'Precipitationmm', 'AfterClose_bool', 'BeforePromo', 'trend_DE', 'Max_Wind_SpeedKm_h']",0.3007111251354217,12
59,2,40,"['Day', 'Assortment', 'Promo_fw', 'SchoolHoliday', 'Week', 'PromoInterval', 'Close_bool_fw', 'Month', 'CompetitionOpenSinceYear', 'Promo2Weeks', 'Events', 'Promo2SinceWeek', 'SchoolHoliday_fw', 'Close_bool_bw', 'StateHoliday_bool_bw', 'State', 'Promo2', 'CompetitionMonthsOpen', 'Promo_bw', 'StoreType', 'Year', 'SchoolHoliday_bw', 'DayOfWeek', 'Promo', 'Promo2SinceYear', 'AfterSchoolHoliday', 'Mean_TemperatureC', 'AfterStateHoliday_bool', 'AfterPromo', 'Max_TemperatureC', 'Mean_Humidity', 'BeforeStateHoliday_bool', 'Max_Wind_SpeedKm_h', 'trend', 'CompetitionDistance', 'AfterClose_bool', 'trend_DE', 'Precipitationmm', 'CloudCover', 'Min_TemperatureC']",0.3008155822753906,4
57,0,40,"['Day', 'Assortment', 'Promo_fw', 'SchoolHoliday', 'Week', 'PromoInterval', 'Close_bool_fw', 'Month', 'CompetitionOpenSinceYear', 'Promo2Weeks', 'Events', 'Promo2SinceWeek', 'SchoolHoliday_fw', 'Close_bool_bw', 'StateHoliday_bool_bw', 'State', 'Promo2', 'CompetitionMonthsOpen', 'Promo_bw', 'StoreType', 'Year', 'SchoolHoliday_bw', 'DayOfWeek', 'Promo', 'Promo2SinceYear', 'Max_TemperatureC', 'trend_DE', 'Mean_TemperatureC', 'AfterPromo', 'CompetitionDistance', 'StateHoliday_bool', 'Max_Wind_SpeedKm_h', 'Max_Humidity', 'Mean_Wind_SpeedKm_h', 'trend', 'BeforeSchoolHoliday', 'AfterClose_bool', 'BeforePromo', 'Precipitationmm', 'BeforeClose_bool']",0.3138626217842102,4
22,22,36,"['Close_bool_bw', 'PromoInterval', 'Promo2', 'Promo_fw', 'Close_bool_fw', 'StateHoliday_bool_bw', 'Assortment', 'DayOfWeek', 'Year', 'CompetitionOpenSinceYear', 'SchoolHoliday_bw', 'Promo', 'Promo_bw', 'StateHoliday', 'State', 'Events', 'StateHoliday_bool_fw', 'Month', 'AfterSchoolHoliday', 'BeforeStateHoliday_bool', 'Mean_TemperatureC', 'Min_Humidity', 'CloudCover', 'AfterStateHoliday_bool', 'Max_TemperatureC', 'AfterClose_bool', 'BeforePromo', 'Min_TemperatureC', 'Max_Humidity', 'BeforeSchoolHoliday', 'CompetitionDistance', 'StateHoliday_bool', 'trend_DE', 'BeforeClose_bool', 'Precipitationmm', 'Mean_Wind_SpeedKm_h']",0.3141858279705048,0
26,26,30,"['Close_bool_bw', 'PromoInterval', 'Promo2', 'Promo_fw', 'Close_bool_fw', 'StateHoliday_bool_bw', 'Assortment', 'DayOfWeek', 'Year', 'CompetitionOpenSinceYear', 'SchoolHoliday_bw', 'Promo', 'Promo_bw', 'StateHoliday', 'State', 'Events', 'StateHoliday_bool_fw', 'Month', 'Min_TemperatureC', 'Mean_Wind_SpeedKm_h', 'AfterStateHoliday_bool', 'Mean_Humidity', 'AfterPromo', 'Max_Wind_SpeedKm_h', 'Mean_TemperatureC', 'StateHoliday_bool', 'AfterSchoolHoliday', 'CloudCover', 'BeforeSchoolHoliday', 'Max_Humidity']",0.3186227381229401,0
23,23,36,"['Close_bool_bw', 'PromoInterval', 'Promo2', 'Promo_fw', 'Close_bool_fw', 'StateHoliday_bool_bw', 'Assortment', 'DayOfWeek', 'Year', 'CompetitionOpenSinceYear', 'SchoolHoliday_bw', 'Promo', 'Promo_bw', 'StateHoliday', 'State', 'Events', 'StateHoliday_bool_fw', 'Month', 'Mean_TemperatureC', 'Precipitationmm', 'AfterPromo', 'trend_DE', 'Mean_Humidity', 'StateHoliday_bool', 'Min_Humidity', 'BeforeStateHoliday_bool', 'AfterClose_bool', 'Mean_Wind_SpeedKm_h', 'Max_Humidity', 'BeforePromo', 'Max_Wind_SpeedKm_h', 'CompetitionDistance', 'Min_TemperatureC', 'AfterSchoolHoliday', 'BeforeSchoolHoliday', 'Max_TemperatureC']",0.3203822672367096,0
21,21,32,"['Close_bool_bw', 'PromoInterval', 'Promo2', 'Promo_fw', 'Close_bool_fw', 'StateHoliday_bool_bw', 'Assortment', 'DayOfWeek', 'Year', 'CompetitionOpenSinceYear', 'SchoolHoliday_bw', 'Promo', 'Promo_bw', 'StateHoliday', 'State', 'Events', 'StateHoliday_bool_fw', 'Month', 'AfterClose_bool', 'BeforeSchoolHoliday', 'AfterStateHoliday_bool', 'StateHoliday_bool', 'Min_Humidity', 'CompetitionDistance', 'CloudCover', 'trend', 'AfterSchoolHoliday', 'Mean_Wind_SpeedKm_h', 'Max_Wind_SpeedKm_h', 'Mean_Humidity', 'Precipitationmm', 'Mean_TemperatureC']",0.3293557167053223,0
50,2,43,"['SchoolHoliday', 'Promo2Weeks', 'StateHoliday_bool_fw', 'Promo', 'Promo2', 'DayOfWeek', 'Close_bool_fw', 'StateHoliday', 'Month', 'Year', 'StateHoliday_bool_bw', 'SchoolHoliday_fw', 'StoreType', 'Promo_bw', 'Assortment', 'Day', 'PromoInterval', 'CompetitionMonthsOpen', 'Promo2SinceWeek', 'CompetitionOpenSinceYear', 'SchoolHoliday_bw', 'Week', 'AfterSchoolHoliday', 'AfterPromo', 'trend_DE', 'trend', 'BeforeClose_bool', 'Mean_Humidity', 'StateHoliday_bool', 'CompetitionDistance', 'Max_Humidity', 'Precipitationmm', 'Mean_Wind_SpeedKm_h', 'AfterStateHoliday_bool', 'Max_Wind_SpeedKm_h', 'BeforePromo', 'BeforeStateHoliday_bool', 'AfterClose_bool', 'CloudCover', 'Max_TemperatureC', 'Min_Humidity', 'BeforeSchoolHoliday', 'Min_TemperatureC']",0.3308442831039429,3
24,24,39,"['Close_bool_bw', 'PromoInterval', 'Promo2', 'Promo_fw', 'Close_bool_fw', 'StateHoliday_bool_bw', 'Assortment', 'DayOfWeek', 'Year', 'CompetitionOpenSinceYear', 'SchoolHoliday_bw', 'Promo', 'Promo_bw', 'StateHoliday', 'State', 'Events', 'StateHoliday_bool_fw', 'Month', 'CloudCover', 'Max_Humidity', 'Precipitationmm', 'Max_TemperatureC', 'Min_TemperatureC', 'trend', 'Mean_Humidity', 'AfterPromo', 'trend_DE', 'BeforePromo', 'Min_Humidity', 'CompetitionDistance', 'AfterSchoolHoliday', 'Mean_Wind_SpeedKm_h', 'BeforeStateHoliday_bool', 'Mean_TemperatureC', 'Max_Wind_SpeedKm_h', 'BeforeSchoolHoliday', 'StateHoliday_bool', 'AfterStateHoliday_bool', 'BeforeClose_bool']",0.33134740591049194,0
28,28,28,"['Close_bool_bw', 'PromoInterval', 'Promo2', 'Promo_fw', 'Close_bool_fw', 'StateHoliday_bool_bw', 'Assortment', 'DayOfWeek', 'Year', 'CompetitionOpenSinceYear', 'SchoolHoliday_bw', 'Promo', 'Promo_bw', 'StateHoliday', 'State', 'Events', 'StateHoliday_bool_fw', 'Month', 'Precipitationmm', 'Min_Humidity', 'Max_Wind_SpeedKm_h', 'CloudCover', 'CompetitionDistance', 'BeforePromo', 'BeforeStateHoliday_bool', 'BeforeClose_bool', 'AfterPromo', 'Min_TemperatureC']",0.3317486047744751,0
25,25,39,"['Close_bool_bw', 'PromoInterval', 'Promo2', 'Promo_fw', 'Close_bool_fw', 'StateHoliday_bool_bw', 'Assortment', 'DayOfWeek', 'Year', 'CompetitionOpenSinceYear', 'SchoolHoliday_bw', 'Promo', 'Promo_bw', 'StateHoliday', 'State', 'Events', 'StateHoliday_bool_fw', 'Month', 'AfterPromo', 'BeforeStateHoliday_bool', 'BeforeClose_bool', 'AfterStateHoliday_bool', 'AfterSchoolHoliday', 'Min_Humidity', 'Min_TemperatureC', 'Max_Humidity', 'trend_DE', 'Max_Wind_SpeedKm_h', 'Max_TemperatureC', 'BeforePromo', 'AfterClose_bool', 'Mean_Wind_SpeedKm_h', 'Mean_TemperatureC', 'CompetitionDistance', 'CloudCover', 'StateHoliday_bool', 'Mean_Humidity', 'BeforeSchoolHoliday', 'trend']",0.3378015160560608,0
27,27,28,"['Close_bool_bw', 'PromoInterval', 'Promo2', 'Promo_fw', 'Close_bool_fw', 'StateHoliday_bool_bw', 'Assortment', 'DayOfWeek', 'Year', 'CompetitionOpenSinceYear', 'SchoolHoliday_bw', 'Promo', 'Promo_bw', 'StateHoliday', 'State', 'Events', 'StateHoliday_bool_fw', 'Month', 'trend_DE', 'Max_Wind_SpeedKm_h', 'BeforePromo', 'Max_Humidity', 'Min_TemperatureC', 'trend', 'Precipitationmm', 'Min_Humidity', 'BeforeSchoolHoliday', 'StateHoliday_bool']",0.3444453179836273,0
130,1,33,"['Promo_bw', 'Day', 'SchoolHoliday', 'Events', 'State', 'StoreType', 'Promo2Weeks', 'Close_bool_bw', 'PromoInterval', 'SchoolHoliday_fw', 'Promo2SinceWeek', 'SchoolHoliday_bw', 'Promo2', 'Week', 'CompetitionMonthsOpen', 'StateHoliday', 'Promo_fw', 'Month', 'Promo', 'CompetitionOpenSinceYear', 'StateHoliday_bool_fw', 'Mean_TemperatureC', 'BeforeSchoolHoliday', 'AfterSchoolHoliday', 'BeforeStateHoliday_bool', 'Precipitationmm', 'AfterStateHoliday_bool', 'Max_TemperatureC', 'trend_DE', 'Min_Humidity', 'CloudCover', 'CompetitionDistance', 'Mean_Wind_SpeedKm_h']",0.3476231396198273,12
29,29,36,"['Close_bool_bw', 'PromoInterval', 'Promo2', 'Promo_fw', 'Close_bool_fw', 'StateHoliday_bool_bw', 'Assortment', 'DayOfWeek', 'Year', 'CompetitionOpenSinceYear', 'SchoolHoliday_bw', 'Promo', 'Promo_bw', 'StateHoliday', 'State', 'Events', 'StateHoliday_bool_fw', 'Month', 'Precipitationmm', 'AfterPromo', 'AfterStateHoliday_bool', 'Min_TemperatureC', 'Max_Humidity', 'trend_DE', 'BeforePromo', 'Mean_Humidity', 'Min_Humidity', 'CloudCover', 'Max_Wind_SpeedKm_h', 'Mean_Wind_SpeedKm_h', 'AfterSchoolHoliday', 'BeforeStateHoliday_bool', 'BeforeClose_bool', 'trend', 'StateHoliday_bool', 'Max_TemperatureC']",0.3482958674430847,0
67,1,36,"['DayOfWeek', 'Promo2Weeks', 'SchoolHoliday', 'Week', 'Assortment', 'SchoolHoliday_bw', 'Promo', 'Day', 'StateHoliday_bool_fw', 'StoreType', 'Close_bool_fw', 'Promo2SinceYear', 'Promo2', 'Year', 'CompetitionOpenSinceYear', 'Events', 'StateHoliday_bool_bw', 'StateHoliday', 'CompetitionMonthsOpen', 'BeforeClose_bool', 'Max_TemperatureC', 'trend', 'Min_TemperatureC', 'CompetitionDistance', 'Max_Humidity', 'Precipitationmm', 'Min_Humidity', 'Mean_Wind_SpeedKm_h', 'AfterSchoolHoliday', 'BeforeStateHoliday_bool', 'CloudCover', 'AfterStateHoliday_bool', 'trend_DE', 'BeforePromo', 'StateHoliday_bool', 'Max_Wind_SpeedKm_h']",0.3547447919845581,5
66,0,30,"['DayOfWeek', 'Promo2Weeks', 'SchoolHoliday', 'Week', 'Assortment', 'SchoolHoliday_bw', 'Promo', 'Day', 'StateHoliday_bool_fw', 'StoreType', 'Close_bool_fw', 'Promo2SinceYear', 'Promo2', 'Year', 'CompetitionOpenSinceYear', 'Events', 'StateHoliday_bool_bw', 'StateHoliday', 'CompetitionMonthsOpen', 'Mean_TemperatureC', 'trend', 'Mean_Humidity', 'BeforePromo', 'Mean_Wind_SpeedKm_h', 'Precipitationmm', 'AfterStateHoliday_bool', 'Max_Humidity', 'CompetitionDistance', 'BeforeSchoolHoliday', 'AfterSchoolHoliday']",0.3596388101577759,5
101,8,38,"['PromoInterval', 'Events', 'StateHoliday_bool_bw', 'SchoolHoliday_bw', 'Promo_bw', 'Promo_fw', 'Day', 'SchoolHoliday_fw', 'Promo2SinceYear', 'Promo2SinceWeek', 'SchoolHoliday', 'Year', 'Promo2', 'Close_bool_bw', 'StateHoliday', 'Assortment', 'State', 'Month', 'Min_TemperatureC', 'BeforeClose_bool', 'BeforeStateHoliday_bool', 'BeforeSchoolHoliday', 'CompetitionDistance', 'trend', 'StateHoliday_bool', 'AfterSchoolHoliday', 'Precipitationmm', 'AfterPromo', 'Max_Wind_SpeedKm_h', 'Mean_Humidity', 'Min_Humidity', 'AfterStateHoliday_bool', 'BeforePromo', 'Mean_Wind_SpeedKm_h', 'trend_DE', 'Max_Humidity', 'AfterClose_bool', 'Mean_TemperatureC']",0.36177724599838257,8
68,2,35,"['DayOfWeek', 'Promo2Weeks', 'SchoolHoliday', 'Week', 'Assortment', 'SchoolHoliday_bw', 'Promo', 'Day', 'StateHoliday_bool_fw', 'StoreType', 'Close_bool_fw', 'Promo2SinceYear', 'Promo2', 'Year', 'CompetitionOpenSinceYear', 'Events', 'StateHoliday_bool_bw', 'StateHoliday', 'CompetitionMonthsOpen', 'Mean_Humidity', 'trend_DE', 'CloudCover', 'Max_Wind_SpeedKm_h', 'Mean_TemperatureC', 'trend', 'AfterPromo', 'AfterStateHoliday_bool', 'BeforeSchoolHoliday', 'Max_TemperatureC', 'Min_TemperatureC', 'BeforeStateHoliday_bool', 'CompetitionDistance', 'Min_Humidity', 'Max_Humidity', 'BeforeClose_bool']",0.3619218170642853,5
49,1,40,"['SchoolHoliday', 'Promo2Weeks', 'StateHoliday_bool_fw', 'Promo', 'Promo2', 'DayOfWeek', 'Close_bool_fw', 'StateHoliday', 'Month', 'Year', 'StateHoliday_bool_bw', 'SchoolHoliday_fw', 'StoreType', 'Promo_bw', 'Assortment', 'Day', 'PromoInterval', 'CompetitionMonthsOpen', 'Promo2SinceWeek', 'CompetitionOpenSinceYear', 'SchoolHoliday_bw', 'Week', 'trend_DE', 'Min_TemperatureC', 'CompetitionDistance', 'Precipitationmm', 'BeforeStateHoliday_bool', 'StateHoliday_bool', 'Mean_TemperatureC', 'AfterStateHoliday_bool', 'Max_Wind_SpeedKm_h', 'Min_Humidity', 'BeforePromo', 'CloudCover', 'Mean_Humidity', 'BeforeSchoolHoliday', 'Mean_Wind_SpeedKm_h', 'BeforeClose_bool', 'Max_Humidity', 'AfterSchoolHoliday']",0.3670577704906464,3
86,2,29,"['Promo2SinceYear', 'CompetitionOpenSinceYear', 'StateHoliday_bool_fw', 'StateHoliday', 'StoreType', 'SchoolHoliday_fw', 'Year', 'Promo', 'DayOfWeek', 'CompetitionMonthsOpen', 'Promo2SinceWeek', 'Mean_TemperatureC', 'Max_Wind_SpeedKm_h', 'BeforeStateHoliday_bool', 'Mean_Wind_SpeedKm_h', 'AfterPromo', 'Min_TemperatureC', 'Max_TemperatureC', 'AfterClose_bool', 'AfterSchoolHoliday', 'Max_Humidity', 'trend_DE', 'Precipitationmm', 'CloudCover', 'CompetitionDistance', 'Mean_Humidity', 'BeforeClose_bool', 'StateHoliday_bool', 'AfterStateHoliday_bool']",0.3765182495117188,7
85,1,23,"['Promo2SinceYear', 'CompetitionOpenSinceYear', 'StateHoliday_bool_fw', 'StateHoliday', 'StoreType', 'SchoolHoliday_fw', 'Year', 'Promo', 'DayOfWeek', 'CompetitionMonthsOpen', 'Promo2SinceWeek', 'Mean_Wind_SpeedKm_h', 'BeforeClose_bool', 'CompetitionDistance', 'Max_Wind_SpeedKm_h', 'CloudCover', 'Precipitationmm', 'AfterStateHoliday_bool', 'Mean_Humidity', 'trend_DE', 'Max_TemperatureC', 'Min_Humidity', 'Min_TemperatureC']",0.3775684535503388,7
99,6,37,"['PromoInterval', 'Events', 'StateHoliday_bool_bw', 'SchoolHoliday_bw', 'Promo_bw', 'Promo_fw', 'Day', 'SchoolHoliday_fw', 'Promo2SinceYear', 'Promo2SinceWeek', 'SchoolHoliday', 'Year', 'Promo2', 'Close_bool_bw', 'StateHoliday', 'Assortment', 'State', 'Month', 'AfterPromo', 'Min_TemperatureC', 'Min_Humidity', 'BeforeClose_bool', 'AfterStateHoliday_bool', 'BeforeSchoolHoliday', 'Max_Humidity', 'Precipitationmm', 'BeforePromo', 'AfterSchoolHoliday', 'BeforeStateHoliday_bool', 'Mean_Wind_SpeedKm_h', 'AfterClose_bool', 'Max_Wind_SpeedKm_h', 'trend_DE', 'StateHoliday_bool', 'CompetitionDistance', 'Mean_TemperatureC', 'Max_TemperatureC']",0.3792073130607605,8
122,2,35,"['StateHoliday', 'Close_bool_fw', 'StoreType', 'Month', 'Day', 'Promo_bw', 'StateHoliday_bool_bw', 'StateHoliday_bool_fw', 'Year', 'Promo', 'SchoolHoliday', 'Promo2SinceWeek', 'Promo2', 'Promo_fw', 'Close_bool_bw', 'Assortment', 'CompetitionMonthsOpen', 'CompetitionDistance', 'AfterStateHoliday_bool', 'BeforePromo', 'Precipitationmm', 'Mean_TemperatureC', 'Max_TemperatureC', 'AfterClose_bool', 'BeforeSchoolHoliday', 'Mean_Humidity', 'AfterPromo', 'Max_Wind_SpeedKm_h', 'Mean_Wind_SpeedKm_h', 'Min_TemperatureC', 'StateHoliday_bool', 'Max_Humidity', 'BeforeStateHoliday_bool', 'trend', 'trend_DE']",0.380521297454834,11
48,0,38,"['SchoolHoliday', 'Promo2Weeks', 'StateHoliday_bool_fw', 'Promo', 'Promo2', 'DayOfWeek', 'Close_bool_fw', 'StateHoliday', 'Month', 'Year', 'StateHoliday_bool_bw', 'SchoolHoliday_fw', 'StoreType', 'Promo_bw', 'Assortment', 'Day', 'PromoInterval', 'CompetitionMonthsOpen', 'Promo2SinceWeek', 'CompetitionOpenSinceYear', 'SchoolHoliday_bw', 'Week', 'trend', 'BeforeSchoolHoliday', 'Max_Humidity', 'Mean_Wind_SpeedKm_h', 'Precipitationmm', 'AfterPromo', 'AfterStateHoliday_bool', 'Max_Wind_SpeedKm_h', 'Min_TemperatureC', 'BeforePromo', 'CompetitionDistance', 'Max_TemperatureC', 'BeforeClose_bool', 'Mean_TemperatureC', 'BeforeStateHoliday_bool', 'StateHoliday_bool']",0.38159802556037903,3
89,5,29,"['PromoInterval', 'Close_bool_bw', 'SchoolHoliday', 'DayOfWeek', 'Promo2SinceWeek', 'Promo_bw', 'Promo2Weeks', 'Assortment', 'Day', 'SchoolHoliday_bw', 'Year', 'Mean_TemperatureC', 'Max_Wind_SpeedKm_h', 'BeforeStateHoliday_bool', 'Mean_Wind_SpeedKm_h', 'AfterPromo', 'Min_TemperatureC', 'Max_TemperatureC', 'AfterClose_bool', 'AfterSchoolHoliday', 'Max_Humidity', 'trend_DE', 'Precipitationmm', 'CloudCover', 'CompetitionDistance', 'Mean_Humidity', 'BeforeClose_bool', 'StateHoliday_bool', 'AfterStateHoliday_bool']",0.3838525414466858,7
20,20,36,"['Close_bool_bw', 'PromoInterval', 'Promo2', 'Promo_fw', 'Close_bool_fw', 'StateHoliday_bool_bw', 'Assortment', 'DayOfWeek', 'Year', 'CompetitionOpenSinceYear', 'SchoolHoliday_bw', 'Promo', 'Promo_bw', 'StateHoliday', 'State', 'Events', 'StateHoliday_bool_fw', 'Month', 'BeforeSchoolHoliday', 'Max_TemperatureC', 'trend_DE', 'AfterPromo', 'Mean_Wind_SpeedKm_h', 'CompetitionDistance', 'AfterSchoolHoliday', 'BeforeStateHoliday_bool', 'Min_TemperatureC', 'Max_Wind_SpeedKm_h', 'BeforeClose_bool', 'Mean_TemperatureC', 'CloudCover', 'StateHoliday_bool', 'BeforePromo', 'AfterStateHoliday_bool', 'trend', 'Max_Humidity']",0.3842793405056,0
100,7,35,"['PromoInterval', 'Events', 'StateHoliday_bool_bw', 'SchoolHoliday_bw', 'Promo_bw', 'Promo_fw', 'Day', 'SchoolHoliday_fw', 'Promo2SinceYear', 'Promo2SinceWeek', 'SchoolHoliday', 'Year', 'Promo2', 'Close_bool_bw', 'StateHoliday', 'Assortment', 'State', 'Month', 'Min_TemperatureC', 'CloudCover', 'AfterPromo', 'Mean_TemperatureC', 'Max_Wind_SpeedKm_h', 'BeforeSchoolHoliday', 'StateHoliday_bool', 'AfterSchoolHoliday', 'Min_Humidity', 'AfterClose_bool', 'trend_DE', 'BeforeStateHoliday_bool', 'Max_Humidity', 'CompetitionDistance', 'Max_TemperatureC', 'BeforePromo', 'trend']",0.3843691647052765,8
82,7,34,"['Events', 'Promo2SinceYear', 'SchoolHoliday', 'DayOfWeek', 'Month', 'Year', 'Close_bool_bw', 'Week', 'Close_bool_fw', 'Promo', 'Promo2Weeks', 'StoreType', 'StateHoliday_bool_fw', 'PromoInterval', 'Max_Wind_SpeedKm_h', 'Max_TemperatureC', 'BeforeClose_bool', 'AfterPromo', 'BeforeSchoolHoliday', 'StateHoliday_bool', 'Mean_Wind_SpeedKm_h', 'Mean_TemperatureC', 'AfterClose_bool', 'AfterSchoolHoliday', 'trend_DE', 'CloudCover', 'trend', 'Min_Humidity', 'Precipitationmm', 'BeforePromo', 'Max_Humidity', 'Mean_Humidity', 'CompetitionDistance', 'Min_TemperatureC']",0.3845171332359314,6
120,0,37,"['StateHoliday', 'Close_bool_fw', 'StoreType', 'Month', 'Day', 'Promo_bw', 'StateHoliday_bool_bw', 'StateHoliday_bool_fw', 'Year', 'Promo', 'SchoolHoliday', 'Promo2SinceWeek', 'Promo2', 'Promo_fw', 'Close_bool_bw', 'Assortment', 'CompetitionMonthsOpen', 'BeforeClose_bool', 'Min_Humidity', 'Mean_Humidity', 'Min_TemperatureC', 'Mean_TemperatureC', 'StateHoliday_bool', 'trend', 'CompetitionDistance', 'AfterSchoolHoliday', 'trend_DE', 'AfterStateHoliday_bool', 'BeforeStateHoliday_bool', 'Max_Humidity', 'AfterPromo', 'BeforeSchoolHoliday', 'Precipitationmm', 'Mean_Wind_SpeedKm_h', 'AfterClose_bool', 'Max_Wind_SpeedKm_h', 'BeforePromo']",0.3861414194107056,11
112,1,38,"['Promo2SinceYear', 'StateHoliday_bool_fw', 'SchoolHoliday_fw', 'Assortment', 'Week', 'Promo2Weeks', 'Day', 'Year', 'Promo', 'Promo2SinceWeek', 'State', 'Month', 'CompetitionOpenSinceYear', 'Promo_fw', 'PromoInterval', 'DayOfWeek', 'Close_bool_fw', 'Promo_bw', 'SchoolHoliday', 'StateHoliday_bool_bw', 'Mean_Humidity', 'Precipitationmm', 'AfterSchoolHoliday', 'BeforeSchoolHoliday', 'trend_DE', 'StateHoliday_bool', 'AfterPromo', 'BeforePromo', 'CompetitionDistance', 'Max_Wind_SpeedKm_h', 'Max_TemperatureC', 'Min_Humidity', 'BeforeStateHoliday_bool', 'AfterStateHoliday_bool', 'Mean_TemperatureC', 'CloudCover', 'Mean_Wind_SpeedKm_h', 'Max_Humidity']",0.3886159360408783,10
106,4,31,"['Promo2SinceWeek', 'Close_bool_fw', 'State', 'StoreType', 'Week', 'DayOfWeek', 'StateHoliday_bool_bw', 'Promo_bw', 'SchoolHoliday_bw', 'Promo_fw', 'Events', 'StateHoliday', 'Min_TemperatureC', 'Precipitationmm', 'Min_Humidity', 'Mean_Wind_SpeedKm_h', 'AfterSchoolHoliday', 'AfterClose_bool', 'CloudCover', 'AfterStateHoliday_bool', 'Max_Wind_SpeedKm_h', 'trend', 'Mean_Humidity', 'Mean_TemperatureC', 'BeforeSchoolHoliday', 'Max_Humidity', 'CompetitionDistance', 'AfterPromo', 'trend_DE', 'BeforeClose_bool', 'Max_TemperatureC']",0.391369491815567,9
129,0,31,"['Promo_bw', 'Day', 'SchoolHoliday', 'Events', 'State', 'StoreType', 'Promo2Weeks', 'Close_bool_bw', 'PromoInterval', 'SchoolHoliday_fw', 'Promo2SinceWeek', 'SchoolHoliday_bw', 'Promo2', 'Week', 'CompetitionMonthsOpen', 'StateHoliday', 'Promo_fw', 'Month', 'Promo', 'CompetitionOpenSinceYear', 'StateHoliday_bool_fw', 'CloudCover', 'AfterClose_bool', 'BeforeClose_bool', 'BeforeSchoolHoliday', 'AfterStateHoliday_bool', 'Precipitationmm', 'Mean_TemperatureC', 'BeforePromo', 'Mean_Humidity', 'AfterSchoolHoliday']",0.3924925923347473,12
121,1,36,"['StateHoliday', 'Close_bool_fw', 'StoreType', 'Month', 'Day', 'Promo_bw', 'StateHoliday_bool_bw', 'StateHoliday_bool_fw', 'Year', 'Promo', 'SchoolHoliday', 'Promo2SinceWeek', 'Promo2', 'Promo_fw', 'Close_bool_bw', 'Assortment', 'CompetitionMonthsOpen', 'AfterSchoolHoliday', 'AfterStateHoliday_bool', 'BeforeSchoolHoliday', 'Mean_TemperatureC', 'Min_TemperatureC', 'Min_Humidity', 'BeforePromo', 'StateHoliday_bool', 'trend_DE', 'Max_Wind_SpeedKm_h', 'CloudCover', 'BeforeStateHoliday_bool', 'BeforeClose_bool', 'Max_TemperatureC', 'AfterPromo', 'trend', 'Precipitationmm', 'Mean_Humidity', 'Mean_Wind_SpeedKm_h']",0.3928236663341522,11
105,3,24,"['Promo2SinceWeek', 'Close_bool_fw', 'State', 'StoreType', 'Week', 'DayOfWeek', 'StateHoliday_bool_bw', 'Promo_bw', 'SchoolHoliday_bw', 'Promo_fw', 'Events', 'StateHoliday', 'BeforePromo', 'Max_TemperatureC', 'Mean_TemperatureC', 'BeforeClose_bool', 'Mean_Humidity', 'Max_Wind_SpeedKm_h', 'Max_Humidity', 'AfterStateHoliday_bool', 'CloudCover', 'AfterPromo', 'CompetitionDistance', 'AfterSchoolHoliday']",0.3938587307929993,9
113,2,34,"['Promo2SinceYear', 'StateHoliday_bool_fw', 'SchoolHoliday_fw', 'Assortment', 'Week', 'Promo2Weeks', 'Day', 'Year', 'Promo', 'Promo2SinceWeek', 'State', 'Month', 'CompetitionOpenSinceYear', 'Promo_fw', 'PromoInterval', 'DayOfWeek', 'Close_bool_fw', 'Promo_bw', 'SchoolHoliday', 'StateHoliday_bool_bw', 'AfterClose_bool', 'BeforeSchoolHoliday', 'StateHoliday_bool', 'Mean_Humidity', 'BeforePromo', 'Precipitationmm', 'Mean_Wind_SpeedKm_h', 'BeforeClose_bool', 'CloudCover', 'AfterSchoolHoliday', 'Min_TemperatureC', 'Min_Humidity', 'Mean_TemperatureC', 'Max_Wind_SpeedKm_h']",0.39789167046546936,10
84,0,29,"['Promo2SinceYear', 'CompetitionOpenSinceYear', 'StateHoliday_bool_fw', 'StateHoliday', 'StoreType', 'SchoolHoliday_fw', 'Year', 'Promo', 'DayOfWeek', 'CompetitionMonthsOpen', 'Promo2SinceWeek', 'StateHoliday_bool', 'BeforeStateHoliday_bool', 'BeforeSchoolHoliday', 'AfterPromo', 'AfterSchoolHoliday', 'trend_DE', 'Max_Humidity', 'Min_Humidity', 'Max_TemperatureC', 'Mean_Wind_SpeedKm_h', 'AfterStateHoliday_bool', 'CloudCover', 'Precipitationmm', 'Min_TemperatureC', 'Mean_TemperatureC', 'Mean_Humidity', 'AfterClose_bool', 'CompetitionDistance']",0.399579256772995,7
83,8,30,"['Events', 'Promo2SinceYear', 'SchoolHoliday', 'DayOfWeek', 'Month', 'Year', 'Close_bool_bw', 'Week', 'Close_bool_fw', 'Promo', 'Promo2Weeks', 'StoreType', 'StateHoliday_bool_fw', 'PromoInterval', 'Min_Humidity', 'StateHoliday_bool', 'Mean_Wind_SpeedKm_h', 'Max_TemperatureC', 'AfterStateHoliday_bool', 'trend_DE', 'CompetitionDistance', 'BeforePromo', 'AfterPromo', 'AfterSchoolHoliday', 'BeforeStateHoliday_bool', 'BeforeClose_bool', 'Max_Humidity', 'AfterClose_bool', 'CloudCover', 'trend']",0.4041832387447357,6
79,4,31,"['CompetitionMonthsOpen', 'SchoolHoliday_bw', 'Promo2', 'SchoolHoliday', 'Promo2Weeks', 'PromoInterval', 'Week', 'Month', 'SchoolHoliday_fw', 'Promo', 'StateHoliday_bool_bw', 'Max_Wind_SpeedKm_h', 'Max_TemperatureC', 'BeforeClose_bool', 'AfterPromo', 'BeforeSchoolHoliday', 'StateHoliday_bool', 'Mean_Wind_SpeedKm_h', 'Mean_TemperatureC', 'AfterClose_bool', 'AfterSchoolHoliday', 'trend_DE', 'CloudCover', 'trend', 'Min_Humidity', 'Precipitationmm', 'BeforePromo', 'Max_Humidity', 'Mean_Humidity', 'CompetitionDistance', 'Min_TemperatureC']",0.4054742157459259,6
107,5,32,"['Promo2SinceWeek', 'Close_bool_fw', 'State', 'StoreType', 'Week', 'DayOfWeek', 'StateHoliday_bool_bw', 'Promo_bw', 'SchoolHoliday_bw', 'Promo_fw', 'Events', 'StateHoliday', 'trend_DE', 'Precipitationmm', 'CloudCover', 'AfterSchoolHoliday', 'BeforeSchoolHoliday', 'trend', 'AfterStateHoliday_bool', 'AfterClose_bool', 'Max_Wind_SpeedKm_h', 'Mean_Humidity', 'Max_TemperatureC', 'BeforePromo', 'Min_Humidity', 'Mean_Wind_SpeedKm_h', 'BeforeStateHoliday_bool', 'StateHoliday_bool', 'CompetitionDistance', 'AfterPromo', 'BeforeClose_bool', 'Min_TemperatureC']",0.4104812443256378,9
87,3,29,"['PromoInterval', 'Close_bool_bw', 'SchoolHoliday', 'DayOfWeek', 'Promo2SinceWeek', 'Promo_bw', 'Promo2Weeks', 'Assortment', 'Day', 'SchoolHoliday_bw', 'Year', 'StateHoliday_bool', 'BeforeStateHoliday_bool', 'BeforeSchoolHoliday', 'AfterPromo', 'AfterSchoolHoliday', 'trend_DE', 'Max_Humidity', 'Min_Humidity', 'Max_TemperatureC', 'Mean_Wind_SpeedKm_h', 'AfterStateHoliday_bool', 'CloudCover', 'Precipitationmm', 'Min_TemperatureC', 'Mean_TemperatureC', 'Mean_Humidity', 'AfterClose_bool', 'CompetitionDistance']",0.4130499362945557,7
81,6,31,"['Events', 'Promo2SinceYear', 'SchoolHoliday', 'DayOfWeek', 'Month', 'Year', 'Close_bool_bw', 'Week', 'Close_bool_fw', 'Promo', 'Promo2Weeks', 'StoreType', 'StateHoliday_bool_fw', 'PromoInterval', 'AfterClose_bool', 'AfterSchoolHoliday', 'Max_Humidity', 'Mean_TemperatureC', 'BeforeStateHoliday_bool', 'AfterStateHoliday_bool', 'Max_TemperatureC', 'CompetitionDistance', 'BeforePromo', 'BeforeClose_bool', 'trend', 'AfterPromo', 'CloudCover', 'Mean_Humidity', 'Min_TemperatureC', 'Max_Wind_SpeedKm_h', 'StateHoliday_bool']",0.41329610347747797,6
88,4,23,"['PromoInterval', 'Close_bool_bw', 'SchoolHoliday', 'DayOfWeek', 'Promo2SinceWeek', 'Promo_bw', 'Promo2Weeks', 'Assortment', 'Day', 'SchoolHoliday_bw', 'Year', 'Mean_Wind_SpeedKm_h', 'BeforeClose_bool', 'CompetitionDistance', 'Max_Wind_SpeedKm_h', 'CloudCover', 'Precipitationmm', 'AfterStateHoliday_bool', 'Mean_Humidity', 'trend_DE', 'Max_TemperatureC', 'Min_Humidity', 'Min_TemperatureC']",0.4142803847789765,7
80,5,27,"['CompetitionMonthsOpen', 'SchoolHoliday_bw', 'Promo2', 'SchoolHoliday', 'Promo2Weeks', 'PromoInterval', 'Week', 'Month', 'SchoolHoliday_fw', 'Promo', 'StateHoliday_bool_bw', 'Min_Humidity', 'StateHoliday_bool', 'Mean_Wind_SpeedKm_h', 'Max_TemperatureC', 'AfterStateHoliday_bool', 'trend_DE', 'CompetitionDistance', 'BeforePromo', 'AfterPromo', 'AfterSchoolHoliday', 'BeforeStateHoliday_bool', 'BeforeClose_bool', 'Max_Humidity', 'AfterClose_bool', 'CloudCover', 'trend']",0.4294172823429108,6
78,3,28,"['CompetitionMonthsOpen', 'SchoolHoliday_bw', 'Promo2', 'SchoolHoliday', 'Promo2Weeks', 'PromoInterval', 'Week', 'Month', 'SchoolHoliday_fw', 'Promo', 'StateHoliday_bool_bw', 'AfterClose_bool', 'AfterSchoolHoliday', 'Max_Humidity', 'Mean_TemperatureC', 'BeforeStateHoliday_bool', 'AfterStateHoliday_bool', 'Max_TemperatureC', 'CompetitionDistance', 'BeforePromo', 'BeforeClose_bool', 'trend', 'AfterPromo', 'CloudCover', 'Mean_Humidity', 'Min_TemperatureC', 'Max_Wind_SpeedKm_h', 'StateHoliday_bool']",0.4305487275123596,6
109,7,32,"['CompetitionOpenSinceYear', 'Promo_fw', 'Day', 'Year', 'StateHoliday_bool_fw', 'Week', 'Close_bool_fw', 'Promo2SinceYear', 'PromoInterval', 'Promo2Weeks', 'SchoolHoliday_fw', 'Events', 'Promo', 'Min_TemperatureC', 'Precipitationmm', 'Min_Humidity', 'Mean_Wind_SpeedKm_h', 'AfterSchoolHoliday', 'AfterClose_bool', 'CloudCover', 'AfterStateHoliday_bool', 'Max_Wind_SpeedKm_h', 'trend', 'Mean_Humidity', 'Mean_TemperatureC', 'BeforeSchoolHoliday', 'Max_Humidity', 'CompetitionDistance', 'AfterPromo', 'trend_DE', 'BeforeClose_bool', 'Max_TemperatureC']",0.4368310570716858,9
36,6,24,"['Events', 'SchoolHoliday_fw', 'Promo_fw', 'Week', 'Month', 'Close_bool_fw', 'State', 'Promo2Weeks', 'Promo2SinceWeek', 'SchoolHoliday_bw', 'PromoInterval', 'trend', 'CloudCover', 'AfterStateHoliday_bool', 'BeforeClose_bool', 'trend_DE', 'Min_TemperatureC', 'AfterPromo', 'Max_Wind_SpeedKm_h', 'BeforeSchoolHoliday', 'AfterClose_bool', 'Mean_Humidity', 'AfterSchoolHoliday', 'Precipitationmm']",0.4446845650672913,1
111,0,38,"['Promo2SinceYear', 'StateHoliday_bool_fw', 'SchoolHoliday_fw', 'Assortment', 'Week', 'Promo2Weeks', 'Day', 'Year', 'Promo', 'Promo2SinceWeek', 'State', 'Month', 'CompetitionOpenSinceYear', 'Promo_fw', 'PromoInterval', 'DayOfWeek', 'Close_bool_fw', 'Promo_bw', 'SchoolHoliday', 'StateHoliday_bool_bw', 'Min_Humidity', 'StateHoliday_bool', 'AfterStateHoliday_bool', 'Max_Wind_SpeedKm_h', 'BeforePromo', 'Mean_Humidity', 'Max_Humidity', 'BeforeStateHoliday_bool', 'trend', 'Max_TemperatureC', 'BeforeSchoolHoliday', 'Precipitationmm', 'AfterPromo', 'BeforeClose_bool', 'Mean_TemperatureC', 'AfterSchoolHoliday', 'trend_DE', 'Min_TemperatureC']",0.4481967091560364,10
38,8,25,"['Events', 'SchoolHoliday_fw', 'Promo_fw', 'Week', 'Month', 'Close_bool_fw', 'State', 'Promo2Weeks', 'Promo2SinceWeek', 'SchoolHoliday_bw', 'PromoInterval', 'Precipitationmm', 'Max_Wind_SpeedKm_h', 'Max_Humidity', 'AfterPromo', 'Min_TemperatureC', 'Mean_TemperatureC', 'AfterStateHoliday_bool', 'Max_TemperatureC', 'CompetitionDistance', 'trend', 'Min_Humidity', 'AfterSchoolHoliday', 'trend_DE', 'BeforeStateHoliday_bool']",0.4584944248199463,1
108,6,25,"['CompetitionOpenSinceYear', 'Promo_fw', 'Day', 'Year', 'StateHoliday_bool_fw', 'Week', 'Close_bool_fw', 'Promo2SinceYear', 'PromoInterval', 'Promo2Weeks', 'SchoolHoliday_fw', 'Events', 'Promo', 'BeforePromo', 'Max_TemperatureC', 'Mean_TemperatureC', 'BeforeClose_bool', 'Mean_Humidity', 'Max_Wind_SpeedKm_h', 'Max_Humidity', 'AfterStateHoliday_bool', 'CloudCover', 'AfterPromo', 'CompetitionDistance', 'AfterSchoolHoliday']",0.460378885269165,9
37,7,27,"['Events', 'SchoolHoliday_fw', 'Promo_fw', 'Week', 'Month', 'Close_bool_fw', 'State', 'Promo2Weeks', 'Promo2SinceWeek', 'SchoolHoliday_bw', 'PromoInterval', 'Mean_Wind_SpeedKm_h', 'AfterStateHoliday_bool', 'CloudCover', 'Mean_Humidity', 'trend', 'Min_Humidity', 'StateHoliday_bool', 'Max_TemperatureC', 'Min_TemperatureC', 'BeforeStateHoliday_bool', 'AfterPromo', 'trend_DE', 'AfterClose_bool', 'AfterSchoolHoliday', 'BeforeClose_bool', 'BeforePromo']",0.4703763425350189,1
110,8,33,"['CompetitionOpenSinceYear', 'Promo_fw', 'Day', 'Year', 'StateHoliday_bool_fw', 'Week', 'Close_bool_fw', 'Promo2SinceYear', 'PromoInterval', 'Promo2Weeks', 'SchoolHoliday_fw', 'Events', 'Promo', 'trend_DE', 'Precipitationmm', 'CloudCover', 'AfterSchoolHoliday', 'BeforeSchoolHoliday', 'trend', 'AfterStateHoliday_bool', 'AfterClose_bool', 'Max_Wind_SpeedKm_h', 'Mean_Humidity', 'Max_TemperatureC', 'BeforePromo', 'Min_Humidity', 'Mean_Wind_SpeedKm_h', 'BeforeStateHoliday_bool', 'StateHoliday_bool', 'CompetitionDistance', 'AfterPromo', 'BeforeClose_bool', 'Min_TemperatureC']",0.5306153297424316,9
